Name_and_model,Model_type,In_Game_Price,car_source,stock_specs,Stock_Rating,Drive_Type,speed,handling,acceleration,launch,braking,Offroad,Top_Speed,0-60_Mph,0-100_Mph,g-force,car_source_1,car_source_2,Horse_Power,Weight_lbs
2001 Acura Integra Type R,RETRO HOT HATCH,"25,000",Autoshow,C,596,FWD,5.6,5.1,3.9,3.1,3.4,5.1,155.5 Mph,6.2s,14.7s,0.90 g,info_not_found,info_not_found,195,"2,639"
2002 Acura RSX Type S,RETRO HOT HATCH,"25,000",Autoshow,C,585,FWD,5.6,5.1,3.9,3,3.5,5.3,info_not_found,info_not_found,info_not_found,info_not_found,info_not_found,info_not_found,200,"2,820"
2017 Acura NSX,MODERN SUPERCARS,"170,000",Autoshow,S1,831,AWD,7,7,9.2,10,7.1,4.7,info_not_found,info_not_found,info_not_found,info_not_found,info_not_found,info_not_found,573,"3,803"
1973 Alpine A110 1600s,CLASSIC RALLY,"98,000",Autoshow,C,550,RWD,5,4.4,4.1,3.1,3,5.3,138.0 Mph,7.0s,20.6s,0.84 g,info_not_found,info_not_found,123,"1,576"
2017 Alpine A110,MODERN SPORTS CARS,"67,500",Wheelspin,B,694,RWD,6,6.4,5.4,5.7,4.2,4.2,info_not_found,info_not_found,info_not_found,info_not_found,Season Event,Festival Playlist,248,"2,432"
2015 Alumi Craft Class 10 Race Car,UNLIMITED BUGGIES,"300,000",Autoshow,B,642,RWD,4.4,3.8,5,4.1,4.8,10,info_not_found,info_not_found,info_not_found,info_not_found,Wheelspin,info_not_found,196,"2,200"
1973 AMC Gremlin X,CULT CARS,"35,000",Autoshow,D,403,RWD,4,3.9,3.4,3.4,2.3,5.2,112.0 Mph,9.6s,25.1s,0.78 g,Wheelspin,info_not_found,150,"2,840"
2554 AMG TRANSPORT DYNAMICS M12S Warthog CST,UNLIMITED OFFROAD,"850,000",Autoshow,A,719,AWD,4.2,4.1,8.6,10,6.7,10,116.9 Mph,3.5s,9.2s,0.96 g,Wheelspin,info_not_found,720,"5,071"
2018 Apollo Intensa Emozione,EXTREME TRACK TOYS,"1,500,000",Autoshow,S2,963,RWD,7.4,10,7.7,8.4,10,3.9,204.5 Mph,2.6s,5.0s,1.73 g,Wheelspin,Forza Shop,780,"2,756"
"2018 Apollo Intensa Emozione ""Welcome Pack""",EXTREME TRACK TOYS,"1,500,000",Autoshow,S2,998,RWD,7.6,10,7.9,8.6,10,3.8,info_not_found,info_not_found,info_not_found,info_not_found,info_not_found,info_not_found,930,"2,480"
2013 Ariel Atom 500 V8,EXTREME TRACK TOYS,"200,000",Autoshow,S2,924,RWD,6.3,8.8,7.8,8.5,7.2,3.9,176.8 Mph,3.1s,5.7s,1.32 g,Wheelspin,info_not_found,475,"1,433"
2016 Ariel Nomad,UNLIMITED BUGGIES,"93,000",Autoshow,A,711,RWD,5.2,4.7,6.5,7.2,4.2,8.1,info_not_found,info_not_found,info_not_found,info_not_found,Wheelspin,info_not_found,236,"1,477"
1964 Aston Martin DB5,RARE CLASSICS,"800,000",Autoshow,C,548,RWD,5.4,4,4,3.4,2.7,5.4,151.3 Mph,8.1s,19.0s,0.79 g,Wheelspin,info_not_found,325,"3,230"
2013 Aston Martin V12 Vantage S,SUPER GT,"240,000",Autoshow,A,796,RWD,7.8,6.2,5.4,5.7,6.4,4.4,info_not_found,info_not_found,info_not_found,info_not_found,Wheelspin,info_not_found,565,"3,671"
2016 Aston Martin Vantage GT12,TRACK TOYS,"400,000",Accolade,S1,829,RWD,6.7,8,5.9,6.1,8.1,4.4,183.0 Mph,3.7s,8.0s,1.16 g,info_not_found,info_not_found,593,"3,450"
2017 Aston Martin DB11,SUPER GT,"300,000",Autoshow,A,787,RWD,7.3,6.5,5.7,6.1,6.1,4.7,info_not_found,info_not_found,info_not_found,info_not_found,Wheelspin,info_not_found,608,"4,134"
2017 Aston Martin Vulcan AMR Pro,EXTREME TRACK TOYS,"2,000,000",Autoshow,S2,953,RWD,7.7,9.6,6.5,7,10,3.2,211.0 Mph,3.0s,5.7s,1.73 g,Wheelspin,Accolade,820,"2,998"
2019 Aston Martin DBS Superleggera,SUPER GT,"350,000",Autoshow,S1,835,RWD,7.8,6.6,5.8,6.2,6.9,4.5,215.4 Mph,3.4s,6.4s,1.09 g,Wheelspin,info_not_found,715,"3,966"
2019 Aston Martin Valhalla Concept Car,HYPERCARS,"1,150,000",Autoshow,S2,959,AWD,8.5,9.2,10,10,9.4,4.6,info_not_found,info_not_found,info_not_found,info_not_found,Wheelspin,info_not_found,"1,042","3,097"
2019 Aston Martin Vantage,GT CARS,"430,000",Autoshow,S1,801,RWD,7,6.7,6,6.4,6.1,4.6,info_not_found,info_not_found,info_not_found,info_not_found,Wheelspin,Festival Playlist,503,"3,497"
1983 Audi Sport quattro,RETRO RALLY,"175,000",Autoshow,B,638,AWD,5.7,5,5.5,2.9,4,5.7,157.7 Mph,4.5s,12.5s,0.91 g,Accolade,info_not_found,306,"2,807"
1995 Audi Avant RS2,RETRO SALOONS,"50,000",Autoshow,B,601,AWD,6,5.1,5,5.3,3.2,5.2,165.2 Mph,4.8s,13.1s,0.87 g,Wheelspin,info_not_found,311,"3,517"
2001 Audi RS 4 Avant,RETRO SALOONS,"94,000",Autoshow,B,663,AWD,6.4,5.8,5.5,4.7,3.6,5.2,175.5 Mph,4.5s,11.6s,0.92 g,Wheelspin,info_not_found,375,"3,571"
2003 Audi RS 6,RETRO SALOONS,"105,000",Autoshow,B,677,AWD,6.8,5.7,5.1,5,4.1,5.4,187.6 Mph,4.4s,10.7s,0.90 g,Wheelspin,info_not_found,450,"4,024"
2006 Audi RS 4,SUPER SALOONS,"53,000",Autoshow,A,710,AWD,6.9,6.1,6,5.5,4.4,5.3,info_not_found,info_not_found,info_not_found,info_not_found,Wheelspin,info_not_found,420,"3,638"
2009 Audi RS 6,SUPER SALOONS,"155,000",Autoshow,A,722,AWD,7.5,6,6.1,6.7,5.8,5.5,info_not_found,info_not_found,info_not_found,info_not_found,Wheelspin,info_not_found,570,"4,376"
2010 Audi TT RS Coupé,MODERN SPORTS CARS,"66,000",Autoshow,A,707,AWD,6.6,6.1,5.8,7,4.4,5.4,181.1 Mph,4.4s,11.1s,0.96 g,Wheelspin,info_not_found,335,"3,294"
2011 Audi RS 3 Sportback,SUPER HOT HATCH,"42,000",Autoshow,B,682,AWD,6,6.1,5.2,6.5,4.1,5.5,info_not_found,info_not_found,info_not_found,info_not_found,Wheelspin,info_not_found,335,"3,472"
2011 Audi RS 5 Coupé,SUPER SALOONS,"88,000",Autoshow,A,733,AWD,6.8,6.2,5.8,5.7,5.9,5.5,info_not_found,info_not_found,info_not_found,info_not_found,Wheelspin,info_not_found,442,"3,830"
2013 Audi R8 Coupé V10 plus 5.2 FSI quattro,MODERN SUPERCARS,"290,000",Wheelspin,S1,802,AWD,7.3,7,7.1,6.6,6.9,5,info_not_found,info_not_found,info_not_found,info_not_found,Season Event,Festival Playlist,542,"3,682"
2013 Audi RS 4 Avant,SUPER SALOONS,"83,000",Autoshow,A,728,AWD,7,6.2,5.5,5.2,5.2,5.2,info_not_found,info_not_found,info_not_found,info_not_found,Wheelspin,info_not_found,444,"3,957"
2013 Audi RS 7 Sportback,SUPER SALOONS,"225,000",Autoshow,A,739,AWD,7.6,5.9,7,8.2,5.6,5.3,info_not_found,info_not_found,info_not_found,info_not_found,Wheelspin,info_not_found,552,"4,310"
2015 Audi RS 6 Avant,SUPER SALOONS,"150,000",Autoshow,A,754,AWD,7.4,6,7.5,8.3,5.3,5.2,info_not_found,info_not_found,info_not_found,info_not_found,Wheelspin,Accolade,552,"4,266"
2015 Audi S1,HOT HATCH,"35,000",Autoshow,B,644,AWD,5.6,5.9,5.2,4.4,3.7,5.6,154.5 Mph,5.8s,14.0s,0.92 g,Wheelspin,info_not_found,228,"2,899"
2015 Audi TTS Coupé,MODERN SPORTS CARS,"52,000",Autoshow,A,724,AWD,6.7,6.3,5.8,6.4,4,5.2,info_not_found,info_not_found,info_not_found,info_not_found,Wheelspin,info_not_found,310,"3,053"
2016 Audi R8 V10 plus,MODERN SUPERCARS,"242,000",Autoshow,S1,834,AWD,7.8,7.1,7.8,7.4,7.3,5.1,215.9 Mph,2.7s,6.1s,1.11 g,Wheelspin,info_not_found,610,"3,428"
2018 Audi TT RS,MODERN SPORTS CARS,0,Autoshow,A,748,AWD,6.8,6.3,6.7,8.1,4.7,5.2,info_not_found,info_not_found,info_not_found,info_not_found,info_not_found,info_not_found,400,"3,307"
1958 Austin-Healey Sprite MkI,CLASSIC SPORTS CARS,"20,000",Autoshow,D,131,RWD,3.1,3.7,1.9,2.5,1.8,4.9,89.1 Mph,20.9s,??s,0.74 g,Wheelspin,info_not_found,45,"1,463"
1939 Auto Union Type D,VINTAGE RACERS,"15,000,000",Autoshow,B,675,RWD,8.4,4.2,4.5,3.4,2.7,4.2,228.1 Mph,3.8s,8.5s,0.84 g,Wheelspin,Accolade,485,"2,816"
2014 BAC Mono,TRACK TOYS,"160,000",Wheelspin,S1,868,RWD,6.1,8.1,6.3,6.7,8.1,3.9,171.9 Mph,2.8s,6.7s,1.29 g,Accolade,info_not_found,280,"1,354"
1930 Bentley 8 Litre,RARE CLASSICS,"1,500,000",Autoshow,D,181,RWD,3.7,3.5,2.4,1.8,1.8,5.7,103.1 Mph,16.0s,50.0s,0.63 g,Wheelspin,info_not_found,220,"5,600"
1930 Bentley Blower 4-1/2 Litre Supercharged,VINTAGE RACERS,"4,000,000",Autoshow,D,207,RWD,3.7,3.3,2.1,2.3,1.9,5.8,info_not_found,info_not_found,info_not_found,info_not_found,Wheelspin,info_not_found,175,"4,395"
2016 Bentley Bentayga,SPORTS UTILITY HEROES,"180,000",Autoshow,A,727,AWD,7,5,6.2,7.4,4,6.5,192.6 Mph,4.4s,10.1s,0.92 g,Wheelspin,info_not_found,599,"5,340"
2017 Bentley Continental Supersports,GT CARS,"200,000",Autoshow,A,769,AWD,7.6,6.1,8,9.1,5.8,4.9,210.1 Mph,3.5s,7.9s,0.92 g,Wheelspin,info_not_found,700,"5,029"
1957 BMW Isetta 300 Export,CULT CARS,"45,000",Autoshow,D,100,RWD,1.8,3.4,1.2,2.7,2.4,4.7,info_not_found,info_not_found,info_not_found,info_not_found,Wheelspin,info_not_found,13,920
1973 BMW 2002 TURBO,CLASSIC SPORTS CARS,"26,000",Barn,C,531,RWD,4.9,4.3,3.8,1.5,2.8,5.6,info_not_found,info_not_found,info_not_found,info_not_found,info_not_found,info_not_found,168,"2,381"
1981 BMW M1,RETRO SUPERCARS,"585,000",Autoshow,B,629,RWD,5.9,5,4.4,3.1,3.2,4.7,info_not_found,info_not_found,info_not_found,info_not_found,Wheelspin,info_not_found,277,"2,866"
1988 BMW M5,RETRO SALOONS,"54,000",Autoshow,C,583,RWD,5.8,4.4,4.3,3.9,3.1,5.1,info_not_found,info_not_found,info_not_found,info_not_found,Wheelspin,info_not_found,282,"3,230"
1991 BMW M3,RETRO SALOONS,"70,000",Autoshow,C,583,RWD,5.6,4.7,4.3,3.4,3.1,4.9,info_not_found,info_not_found,info_not_found,info_not_found,Wheelspin,info_not_found,215,"2,762"
1995 BMW M5,RETRO SALOONS,"25,000",Autoshow,B,634,RWD,6.7,5.2,4.6,4.2,3.6,4.8,info_not_found,info_not_found,info_not_found,info_not_found,Wheelspin,Accolade,342,"3,772"
1997 BMW M3,RETRO SALOONS,"35,000",Autoshow,B,665,RWD,6.5,4.9,4.9,5.2,3.6,5.2,info_not_found,info_not_found,info_not_found,info_not_found,Wheelspin,info_not_found,321,"3,219"
2002 BMW M3-GTR,TRACK TOYS,"180,000",Autoshow,A,747,RWD,6.7,6.5,5.4,5.7,4.9,4.7,181.6 Mph,4.0s,9.4s,0.99 g,Wheelspin,info_not_found,375,"3,096"
2002 BMW Z3 M Coupe,RETRO SPORTS CARS,"30,000",Autoshow,B,675,RWD,6.1,5.3,4.9,5,3.7,4.9,info_not_found,info_not_found,info_not_found,info_not_found,Wheelspin,info_not_found,315,"3,170"
2003 BMW M5,RETRO SALOONS,"30,000",Autoshow,B,694,RWD,7.1,5.5,5,5.2,3.8,5.1,info_not_found,info_not_found,info_not_found,info_not_found,Wheelspin,info_not_found,394,"3,900"
2005 BMW M3,RETRO SALOONS,"33,000",Autoshow,B,675,RWD,6.4,5.3,5,5,3.8,5,176.0 Mph,4.7s,11.6s,0.92 g,Wheelspin,info_not_found,333,"3,415"
2008 BMW M3,SUPER SALOONS,"48,000",Autoshow,A,725,RWD,6.8,5.8,5,5.3,4.5,4.5,info_not_found,info_not_found,info_not_found,info_not_found,Wheelspin,info_not_found,414,"3,649"
2008 BMW Z4 M Coupe,MODERN SPORTS CARS,"82,000",Autoshow,B,694,RWD,6.4,5.8,5.4,4.9,4.3,5.2,info_not_found,info_not_found,info_not_found,info_not_found,Wheelspin,info_not_found,330,"3,296"
2009 BMW M5,SUPER SALOONS,"90,000",Autoshow,A,719,RWD,7.1,5.9,5.1,4.9,4.4,4.9,info_not_found,info_not_found,info_not_found,info_not_found,Wheelspin,info_not_found,500,"4,012"
2011 BMW 1 Series M Coupe,SUPER SALOONS,"55,000",Autoshow,A,712,RWD,6.4,5.9,5.2,5.4,4.5,4.8,info_not_found,info_not_found,info_not_found,info_not_found,Wheelspin,info_not_found,335,"3,296"
2011 BMW X5 M,SPORTS UTILITY HEROES,"100,000",Autoshow,B,666,AWD,6.4,4.8,5.9,6.6,3.7,6.3,info_not_found,info_not_found,info_not_found,info_not_found,Wheelspin,info_not_found,547,"5,368"
2011 BMW X5 M Forza Edition,EXTREME TRACK TOYS,"500,000",Other,S2,998,AWD,8,10,10,10,9.4,4.4,info_not_found,info_not_found,info_not_found,info_not_found,info_not_found,info_not_found,"1,014","2,756"
2012 BMW M5,SUPER SALOONS,"112,000",Autoshow,A,766,RWD,7.4,6,5.3,5.6,4.8,4.6,info_not_found,info_not_found,info_not_found,info_not_found,Wheelspin,info_not_found,552,"4,123"
2013 BMW M6 Coupe,GT CARS,"120,000",Autoshow,A,758,RWD,7.5,5.8,5,5.2,5.9,4.6,info_not_found,info_not_found,info_not_found,info_not_found,Wheelspin,info_not_found,560,"4,255"
2014 BMW M4 Coupe,SUPER SALOONS,"92,000",Autoshow,A,782,RWD,7.1,6.2,5.3,5.6,6.5,4.7,info_not_found,info_not_found,info_not_found,info_not_found,Wheelspin,info_not_found,431,"3,389"
2015 BMW i8,MODERN SUPERCARS,"140,000",Autoshow,A,764,AWD,7.2,6.4,7.7,8.7,4.6,4.9,info_not_found,info_not_found,info_not_found,info_not_found,Wheelspin,info_not_found,357,"3,380"
2015 BMW X6 M,SPORTS UTILITY HEROES,"130,000",Wheelspin,B,687,AWD,6.5,4.9,6,6.6,4.1,5.8,info_not_found,info_not_found,info_not_found,info_not_found,Season Event,Festival Playlist,567,"5,185"
2016 BMW M2 Coupé,SUPER SALOONS,"69,000",Autoshow,A,718,RWD,6.5,5.7,5.2,5.5,4.6,4.8,178.1 Mph,4.2s,10.0s,0.95 g,Wheelspin,info_not_found,365,"3,450"
2016 BMW M4 GTS,TRACK TOYS,"135,000",Car Collection,S1,814,RWD,7.2,7.6,5.7,6,7,4,info_not_found,info_not_found,info_not_found,info_not_found,info_not_found,info_not_found,493,"3,329"
2018 BMW M5,SUPER SALOONS,"105,000",Autoshow,A,784,AWD,7.6,6.1,8.7,9.7,6.2,5.1,info_not_found,info_not_found,info_not_found,info_not_found,Wheelspin,info_not_found,600,"4,370"
2019 BMW Z4 Roadster,MODERN SPORTS CARS,"35,000",Autoshow,A,751,RWD,6.7,6,5.6,6,4.4,4.6,182.6 Mph,4.4s,9.9s,0.99 g,Wheelspin,info_not_found,382,"3,252"
1926 Bugatti Type 35 C,VINTAGE RACERS,"1,300,000",Autoshow,D,285,RWD,4,3.4,2.5,1.4,1.9,4.9,info_not_found,info_not_found,info_not_found,info_not_found,Wheelspin,info_not_found,95,"1,676"
1992 Bugatti EB110 Super Sport,RETRO SUPERCARS,"1,700,000",Autoshow,S1,805,AWD,8.3,6.5,8,3.8,5.2,4.9,227.7 Mph,3.6s,8.2s,1.11 g,Wheelspin,info_not_found,611,"3,126"
2011 Bugatti Veyron Super Sport,HYPERCARS,"2,200,000",Autoshow,S2,913,AWD,9.9,7.9,10,5.9,8.6,4.9,268.1 Mph,2.4s,5.0s,1.26 g,Accolade,info_not_found,"1,183","4,044"
2018 Bugatti Chiron,HYPERCARS,"2,400,000",Autoshow,S2,927,AWD,10,7.9,9.9,6.1,8.6,5,info_not_found,info_not_found,info_not_found,info_not_found,Wheelspin,info_not_found,"1,479","4,398"
2019 Bugatti Divo,EXTREME TRACK TOYS,"3,000,000",Autoshow,S2,958,AWD,9.6,9.9,10,6.2,9.5,4.4,info_not_found,info_not_found,info_not_found,info_not_found,Wheelspin,info_not_found,"1,479","4,321"
1970 Buick GSX,CLASSIC MUSCLE,"80,000",Autoshow,C,558,RWD,5.1,3.5,3.3,3.2,2.5,5.1,140.7 Mph,6.5s,13.5s,0.79 g,Wheelspin,info_not_found,360,"3,874"
1987 Buick Regal GNX,RETRO MUSCLE,"130,000",Autoshow,C,564,RWD,5.7,4,3.8,2.5,2.5,5.5,info_not_found,info_not_found,info_not_found,info_not_found,Wheelspin,info_not_found,300,"3,545"
2016 Cadillac ATS-V,MODERN MUSCLE,"65,000",Autoshow,A,716,RWD,7,5.5,5.2,3.4,4.2,5.1,info_not_found,info_not_found,info_not_found,info_not_found,Wheelspin,info_not_found,464,"3,700"
2016 Cadillac CTS-V Sedan,MODERN MUSCLE,"80,000",Autoshow,A,761,RWD,7.2,5.3,4.9,5.2,4.4,4.7,info_not_found,info_not_found,info_not_found,info_not_found,Wheelspin,Accolade,640,"4,128"
2018 Can-Am Maverick X RS Turbo R,UTV'S,"25,000",Autoshow,B,670,AWD,3.9,3.7,6.8,9.6,4.5,9.7,info_not_found,info_not_found,info_not_found,info_not_found,Wheelspin,info_not_found,172,"1,655"
2013 Caterham Superlight R500,TRACK TOYS,"82,000",Autoshow,A,786,RWD,5.6,5.4,5.7,6.2,4.6,3.9,info_not_found,info_not_found,info_not_found,info_not_found,Wheelspin,info_not_found,263,"1,116"
1953 Chevrolet Corvette,CLASSIC SPORTS CARS,"210,000",Barn,D,366,RWD,3.6,4,2.3,1.1,2,5.6,info_not_found,info_not_found,info_not_found,info_not_found,info_not_found,info_not_found,160,"2,900"
1953 Chevrolet Corvette Forza Edition,CLASSIC RACERS,"500,000",Wheelspin,A,800,RWD,6.5,6.1,5.8,6.2,4.8,3.7,info_not_found,info_not_found,info_not_found,info_not_found,Season Event,Festival Playlist,450,"2,205"
1955 Chevrolet 150 Utility Sedan,RODS AND CUSTOMS,"35,000",Autoshow,D,360,RWD,4.5,3.5,3.2,2.5,2,5.8,123.1 Mph,9.7s,28.9s,0.73 g,Wheelspin,info_not_found,180,"3,309"
1957 Chevrolet Bel Air,RODS AND CUSTOMS,"130,000",Autoshow,D,432,RWD,4.8,3.8,2.8,1.6,2.1,6,130.6 Mph,7.3s,19.6s,0.75 g,Wheelspin,info_not_found,220,"3,337"
1960 Chevrolet Corvette,CLASSIC SPORTS CARS,"150,000",Car Collection,C,541,RWD,5.4,4,3.6,2.8,2.5,5.6,info_not_found,info_not_found,info_not_found,info_not_found,info_not_found,info_not_found,290,"3,080"
1964 Chevrolet Impala Super Sport 409,RODS AND CUSTOMS,"46,000",Autoshow,C,544,RWD,5.5,3.6,3.4,3,2.3,5.4,150.4 Mph,6.3s,12.8s,0.76 g,Wheelspin,info_not_found,425,"3,877"
1967 Chevrolet Corvette Stingray 427,CLASSIC MUSCLE,"150,000",Autoshow,B,623,RWD,5.5,4.3,3.9,3,3.1,5.8,info_not_found,info_not_found,info_not_found,info_not_found,Wheelspin,info_not_found,435,"3,384"
1969 Chevrolet Camaro Super Sport Coupe,CLASSIC MUSCLE,"110,000",Autoshow,C,585,RWD,5,4.2,3.8,2.9,3.1,5.8,info_not_found,info_not_found,info_not_found,info_not_found,Wheelspin,info_not_found,375,"3,527"
1969 Chevrolet Nova Super Sport 396,CLASSIC MUSCLE,"41,000",Autoshow,C,545,RWD,5.4,3.9,3.5,2.9,2.4,5.3,info_not_found,info_not_found,info_not_found,info_not_found,Wheelspin,info_not_found,375,"3,470"
1970 Chevrolet Camaro Z28,CLASSIC MUSCLE,"53,000",Autoshow,C,539,RWD,5.1,3.7,3.4,3.3,2.4,4.9,info_not_found,info_not_found,info_not_found,info_not_found,Wheelspin,info_not_found,360,"3,550"
1970 Chevrolet Chevelle Super Sport 454,CLASSIC MUSCLE,"80,000",Autoshow,C,531,RWD,4.7,3.6,3.3,3.2,2.4,5.4,info_not_found,info_not_found,info_not_found,info_not_found,Wheelspin,info_not_found,450,"3,799"
1970 Chevrolet Corvette ZR-1,CLASSIC MUSCLE,"310,000",Wheelspin,B,610,RWD,4.9,4.3,3.9,2.9,3.1,5.4,info_not_found,info_not_found,info_not_found,info_not_found,Season Event,Festival Playlist,370,"3,373"
1970 Chevrolet El Camino Super Sport 454,VANS AND UTILITY,"65,000",Autoshow,C,544,RWD,5.9,3.6,3.2,3.1,2.4,5.5,info_not_found,info_not_found,info_not_found,info_not_found,Accolade,info_not_found,450,"3,820"
1979 Chevrolet Camaro Z28,CLASSIC MUSCLE,"35,000",Autoshow,D,466,RWD,4.5,4.1,3.5,2.9,2.5,5.4,info_not_found,info_not_found,info_not_found,info_not_found,Wheelspin,info_not_found,175,"3,560"
1988 Chevrolet Monte Carlo Super Sport,RETRO MUSCLE,"25,000",Autoshow,D,396,RWD,5,4,3.1,2.3,2,5,info_not_found,info_not_found,info_not_found,info_not_found,Wheelspin,info_not_found,180,"3,522"
1995 Chevrolet Corvette ZR-1,RETRO MUSCLE,"45,000",Autoshow,B,693,RWD,6.5,5.2,4.8,4,3.7,4.5,info_not_found,info_not_found,info_not_found,info_not_found,Wheelspin,info_not_found,405,"3,505"
1996 Chevrolet Impala Super Sport,RETRO MUSCLE,"20,000",Autoshow,C,509,RWD,5,4.3,3.6,2.6,2.7,5.2,139.1 Mph,6.5s,17.9s,0.83 g,Wheelspin,info_not_found,260,"4,037"
2002 Chevrolet Corvette Z06,RETRO MUSCLE,"35,000",Autoshow,A,722,RWD,7.2,5.8,4.6,4.5,3.9,4.5,info_not_found,info_not_found,info_not_found,info_not_found,Wheelspin,info_not_found,405,"3,120"
2009 Chevrolet Corvette ZR1,MODERN MUSCLE,"125,000",Autoshow,S1,809,RWD,7.8,6.2,5.5,4.6,6.6,4.4,info_not_found,info_not_found,info_not_found,info_not_found,Wheelspin,info_not_found,638,"3,350"
2015 Chevrolet Camaro Z/28,TRACK TOYS,"86,000",Autoshow,A,797,RWD,6.7,6.8,5.5,5.4,7.2,4.4,182.6 Mph,4.4s,9.5s,1.13 g,Wheelspin,info_not_found,505,"3,837"
2015 Chevrolet Corvette Z06,MODERN MUSCLE,"110,000",Autoshow,S1,852,RWD,7.8,7,6,6.5,7.7,4.4,213.9 Mph,3.3s,7.5s,1.16 g,Wheelspin,info_not_found,650,"3,536"
2017 Chevrolet Camaro ZL1,MODERN MUSCLE,"60,000",Autoshow,S1,821,RWD,7.3,7.2,6.1,4.9,5.6,4.8,info_not_found,info_not_found,info_not_found,info_not_found,Wheelspin,info_not_found,650,"3,883"
2017 Chevrolet Colorado ZR2,PICK-UP & 4X4'S,"46,000",Autoshow,C,530,AWD,5.4,3,3.9,3.4,3,8.2,147.6 Mph,6.1s,17.1s,0.83 g,Wheelspin,info_not_found,308,"4,734"
2018 Chevrolet Camaro ZL1 1LE,TRACK TOYS,"105,000",Autoshow,S1,824,RWD,6.9,7.8,5.8,5.2,6,4.3,192.1 Mph,3.6s,8.0s,1.25 g,Wheelspin,info_not_found,650,"3,837"
2019 Chevrolet Corvette ZR1,TRACK TOYS,"255,000",Accolade,S1,871,RWD,7.8,7.7,6.5,7,7.9,4,214.2 Mph,3.0s,6.1s,1.25 g,info_not_found,info_not_found,755,"3,560"
2020 Chevrolet Corvette Stingray Coupe,MODERN SUPERCARS,"65,000",Autoshow,S1,806,RWD,7.2,7,6.9,7.6,5.2,4.8,info_not_found,info_not_found,info_not_found,info_not_found,Other,info_not_found,495,"3,577"
1970 Datsun 510,CULT CARS,"25,000",This info will be available soon,D,264,RWD,3.7,3.7,2.8,2.3,1.9,5,info_not_found,info_not_found,info_not_found,info_not_found,info_not_found,info_not_found,96,"2,127"
2013 Deberti Jeep Wrangler Unlimited,UNLIMITED OFFROAD,"200,000",Mastery Tree,A,749,AWD,4.7,4,6.3,4.8,4.4,9.3,132.4 Mph,3.6s,8.5s,0.92 g,Season Event,Festival Playlist,707,"4,650"
2018 Deberti Chevrolet Silverado 1500 Drift Truck,DRIFT CARS,"300,000",Autoshow,A,798,RWD,6.7,4.8,4.9,5.1,5.2,4,info_not_found,info_not_found,info_not_found,info_not_found,Wheelspin,info_not_found,"1,005","3,500"
2018 Deberti Ford F-150 Prerunner,UNLIMITED OFFROAD,"250,000",Autoshow,B,691,RWD,5.7,3.6,5.4,5.8,4.9,9.9,info_not_found,info_not_found,info_not_found,info_not_found,Wheelspin,Accolade,800,"7,000"
"2019 Deberti Toyota Tacoma TRD ""The Performance Truck""",DRIFT CARS,"500,000",Autoshow,S1,836,RWD,6.4,5.6,4.9,5.1,6.9,4.7,info_not_found,info_not_found,info_not_found,info_not_found,info_not_found,info_not_found,900,"3,215"
1982 DeLorean DMC-12,RETRO SPORTS CARS,"15,000",Season Event,D,464,RWD,4.3,4.9,2.8,2.3,3.1,6,info_not_found,info_not_found,info_not_found,info_not_found,Festival Playlist,Forza Shop,130,"2,844"
1968 Dodge Dart Hemi Super Stock,CLASSIC MUSCLE,"300,000",Barn,B,650,RWD,4.5,3.6,4.1,4.2,2.9,4.9,info_not_found,info_not_found,info_not_found,info_not_found,info_not_found,info_not_found,425,"3,020"
1969 Dodge Charger Daytona HEMI,CLASSIC MUSCLE,"900,000",Mastery Tree,C,595,RWD,5,3.8,3.8,3.7,2.8,5.4,info_not_found,info_not_found,info_not_found,info_not_found,Season Event,Festival Playlist,425,"3,875"
1969 Dodge Charger R/T,CLASSIC MUSCLE,"103,000",Autoshow,C,548,RWD,5.1,3.8,3.6,3.5,2.4,5.1,140.4 Mph,6.0s,16.0s,0.78 g,Wheelspin,Accolade,425,"3,671"
1969 Dodge Charger R/T Forza Edition,TRACK TOYS,"70,000",Other,S1,900,RWD,6.6,7.9,7.1,7.3,7.3,3.9,info_not_found,info_not_found,info_not_found,info_not_found,info_not_found,info_not_found,725,"3,395"
1970 Dodge Challenger R/T,CLASSIC MUSCLE,"210,000",Autoshow,C,551,RWD,5.5,3.8,3.4,3.3,2.5,5,149.7 Mph,6.3s,12.3s,0.79 g,Wheelspin,info_not_found,425,"3,800"
1999 Dodge Viper GTS ACR,RETRO MUSCLE,"75,000",Barn,A,717,RWD,6.9,5.5,5.2,4.1,4,4.5,info_not_found,info_not_found,info_not_found,info_not_found,info_not_found,info_not_found,460,"3,450"
2008 Dodge Viper SRT10 ACR,TRACK TOYS,"90,000",Autoshow,S1,844,RWD,7.2,7.9,5.6,4.7,7.5,4.8,196.5 Mph,3.4s,8.0s,1.21 g,Wheelspin,info_not_found,600,"3,408"
2013 Dodge SRT Viper GTS,MODERN MUSCLE,"95,000",Autoshow,S1,813,RWD,7.6,6.1,5.5,4.6,5.8,4.7,info_not_found,info_not_found,info_not_found,info_not_found,Wheelspin,info_not_found,640,"3,296"
2015 Dodge Challenger SRT Hellcat,MODERN MUSCLE,"75,000",Autoshow,A,755,RWD,7.7,5.4,4.5,4.6,4.9,4.2,info_not_found,info_not_found,info_not_found,info_not_found,Wheelspin,info_not_found,707,"4,438"
2015 Dodge Charger SRT Hellcat,MODERN MUSCLE,"80,000",Autoshow,A,762,RWD,7.8,5.3,4.7,4.9,5,4.7,info_not_found,info_not_found,info_not_found,info_not_found,Wheelspin,info_not_found,707,"4,575"
2016 Dodge Viper ACR,TRACK TOYS,"150,000",Autoshow,S1,873,RWD,6.7,8.6,6.2,5.3,9.4,4.4,info_not_found,info_not_found,info_not_found,info_not_found,Accolade,Other,645,"3,368"
2018 Dodge Challenger SRT Demon,MODERN MUSCLE,"150,000",Autoshow,A,786,RWD,7.8,5.5,4.8,5,5.3,4.6,207.6 Mph,2.3s,6.0s,0.99 g,Wheelspin,info_not_found,840,"4,248"
2018 Dodge Durango SRT,SPORTS UTILITY HEROES,"70,000",Autoshow,B,666,AWD,6.3,3.8,5.8,5.6,3.7,6.7,info_not_found,info_not_found,info_not_found,info_not_found,Wheelspin,info_not_found,475,"5,510"
2013 Donkervoort D8 GTO,TRACK TOYS,"250,000",Season Event,S1,814,RWD,6.2,6.1,5.7,6.1,5.7,3.8,info_not_found,info_not_found,info_not_found,info_not_found,Festival Playlist,Forza Shop,375,"1,532"
2018 Exomotive Exocet Off-Road,UNLIMITED BUGGIES,"50,000",Autoshow,B,682,RWD,4.5,4.8,5.3,5.7,5.2,8.6,info_not_found,info_not_found,info_not_found,info_not_found,Wheelspin,info_not_found,252,"1,571"
2018 Exomotive Exocet Off-Road Forza Edition,RALLY MONSTERS,"500,000",Wheelspin,A,800,AWD,4.5,5.6,9.4,10,7.3,7.6,126.8 Mph,4.0s,9.5s,1.22 g,Season Event,Festival Playlist,300,"1,499"
1957 Ferrari 250 California,RARE CLASSICS,"18,500,000",Autoshow,C,564,RWD,5.4,4,3.4,2.3,2.8,5.7,149.2 Mph,6.5s,14.7s,0.80 g,Wheelspin,info_not_found,262,"2,315"
1957 Ferrari 250 Testa Rossa,CLASSIC RACERS,"16,400,000",Autoshow,B,691,RWD,6.3,4.4,4.5,4.2,2.9,4.5,info_not_found,info_not_found,info_not_found,info_not_found,Wheelspin,Forza Shop,300,"2,028"
1962 Ferrari 250 GTO,CLASSIC RACERS,"50,000,000",Barn,B,612,RWD,6.4,3.9,3.5,2.5,2.8,5.2,info_not_found,info_not_found,info_not_found,info_not_found,info_not_found,info_not_found,300,"2,299"
1967 Ferrari #24 Ferrari Spa 330 P4,CLASSIC RACERS,"9,000,000",Wheelspin,A,780,RWD,7.2,5.1,6.3,5.9,4.2,4.4,info_not_found,info_not_found,info_not_found,info_not_found,Season Event,Festival Playlist,450,"2,271"
1968 Ferrari 365 GTB/4,RARE CLASSICS,"600,000",Autoshow,B,637,RWD,7,4.4,4.4,3.1,3,5.4,189.5 Mph,5.9s,12.0s,0.81 g,Wheelspin,info_not_found,405,"3,600"
1969 Ferrari Dino 246 GT,RARE CLASSICS,"425,000",Wheelspin,C,535,RWD,5.2,4.9,3.2,2,2.8,5.4,144.5 Mph,7.9s,21.5s,0.83 g,Season Event,Festival Playlist,195,"2,380"
1984 Ferrari 288 GTO,RETRO SUPERCARS,"3,500,000",Autoshow,A,750,RWD,7.4,5.6,5.6,3.1,4.2,4.7,202.9 Mph,5.0s,11.0s,1.08 g,Wheelspin,info_not_found,395,"2,822"
1987 Ferrari F40,RETRO SUPERCARS,"1,200,000",Autoshow,A,784,RWD,7.3,6.5,6.3,2.6,5.3,5,info_not_found,info_not_found,info_not_found,info_not_found,Wheelspin,info_not_found,478,"2,980"
1989 Ferrari F40 Competizionne,EXTREME TRACK TOYS,"2,000,000",Barn,S2,947,RWD,8.3,10,6.6,1.7,8.5,4.4,info_not_found,info_not_found,info_not_found,info_not_found,info_not_found,info_not_found,691,"2,315"
1994 Ferrari F355 Berlinetta,RETRO SUPERCARS,"190,000",Autoshow,A,717,RWD,6.8,6.1,4.5,3.6,4.3,4.9,info_not_found,info_not_found,info_not_found,info_not_found,Wheelspin,info_not_found,375,"3,196"
1995 Ferrari F50,RETRO SUPERCARS,"2,000,000",Autoshow,A,789,RWD,7.3,6.5,5.7,5,5.6,4.8,info_not_found,info_not_found,info_not_found,info_not_found,Wheelspin,info_not_found,513,"2,976"
1996 Ferrari F50 GT,EXTREME TRACK TOYS,"2,000,000",Autoshow,S2,976,RWD,8.1,10,7,7.1,10,4.1,info_not_found,info_not_found,info_not_found,info_not_found,Wheelspin,info_not_found,750,"2,002"
2002 Ferrari 575M Maranello,RETRO SUPERCARS,"250,000",Season Event,A,747,RWD,7.5,5.6,5.6,5.7,4.4,4.9,205.3 Mph,4.2s,9.6s,1.05 g,Festival Playlist,Forza Shop,508,"3,814"
2002 Ferrari Enzo Ferrari,RETRO SUPERCARS,"2,800,000",Autoshow,S1,857,RWD,8.1,7.5,6.4,6.9,8.3,4.7,info_not_found,info_not_found,info_not_found,info_not_found,Wheelspin,info_not_found,650,"3,263"
2003 Ferrari 360 Challenge Stradale,RETRO SUPERCARS,"200,000",Wheelspin,A,773,RWD,7,6.8,6.1,5.6,6.6,4.7,info_not_found,info_not_found,info_not_found,info_not_found,Accolade,info_not_found,409,"2,844"
2005 Ferrari FXX,EXTREME TRACK TOYS,"2,500,000",Autoshow,S2,956,RWD,8.4,10,8.1,8.9,10,4.4,231.4 Mph,2.8s,5.3s,1.71 g,Wheelspin,info_not_found,789,"2,731"
2007 Ferrari 430 Scuderia,MODERN SUPERCARS,"300,000",Wheelspin,S1,810,RWD,7.6,6.9,6.2,6.4,6.9,4.3,info_not_found,info_not_found,info_not_found,info_not_found,Accolade,info_not_found,503,"3,150"
2009 Ferrari 458 Italia,MODERN SUPERCARS,"225,000",Autoshow,S1,823,RWD,7.9,7.2,6.3,6.8,6.9,4.1,219.9 Mph,3.0s,6.5s,1.02 g,Wheelspin,info_not_found,562,"3,274"
2010 Ferrari 599 GTO,SUPER GT,"350,000",Season Event,S1,828,RWD,7.9,7.4,6,6.3,7.2,4.5,217.4 Mph,3.4s,7.2s,1.04 g,Festival Playlist,Forza Shop,661,"3,538"
2012 Ferrari 599XX Evolution,EXTREME TRACK TOYS,"2,600,000",Autoshow,S2,952,RWD,8,9.8,7.3,7.9,10,3.8,info_not_found,info_not_found,info_not_found,info_not_found,Wheelspin,info_not_found,740,"3,038"
2013 Ferrari 458 Speciale,TRACK TOYS,"340,000",Wheelspin,S1,865,RWD,7.7,8,6.9,7.5,7.9,3.7,info_not_found,info_not_found,info_not_found,info_not_found,Season Event,Festival Playlist,597,"3,075"
2013 Ferrari LaFerrari,HYPERCARS,"1,500,000",Car Collection,S2,934,RWD,9.4,9,7.2,7.9,9.6,4.4,info_not_found,info_not_found,info_not_found,info_not_found,info_not_found,info_not_found,963,"3,263"
2014 Ferrari FXX K,EXTREME TRACK TOYS,"2,700,000",Autoshow,S2,979,RWD,8.1,10,8.1,9,10,3.6,info_not_found,info_not_found,info_not_found,info_not_found,Wheelspin,info_not_found,"1,036","2,831"
2015 Ferrari 488 GTB,MODERN SUPERCARS,"290,000",Autoshow,S1,863,RWD,8.2,7.9,6.8,6.5,7.8,4.4,info_not_found,info_not_found,info_not_found,info_not_found,Wheelspin,Festival Playlist,660,"3,252"
2015 Ferrari F12tdf,SUPER GT,"500,000",Autoshow,S1,884,RWD,8.8,7.6,6.5,7,8.4,4.8,info_not_found,info_not_found,info_not_found,info_not_found,Wheelspin,info_not_found,769,"3,351"
2017 Ferrari 812 Superfast,SUPER GT,"350,000",Autoshow,S1,878,RWD,7.9,7.5,6.2,6.6,7.6,4,info_not_found,info_not_found,info_not_found,info_not_found,Wheelspin,info_not_found,788,"3,594"
2017 Ferrari GTC4Lusso,SUPER GT,"300,000",Wheelspin,S1,816,AWD,7.5,6.8,6.9,6.7,6.6,5.1,info_not_found,info_not_found,info_not_found,info_not_found,Accolade,info_not_found,680,"4,233"
2017 Ferrari J50,MODERN SUPERCARS,"2,500,000",Autoshow,S1,857,RWD,8.4,7.5,6.8,7.4,7.3,4.3,233.3 Mph,2.8s,5.6s,1.13 g,info_not_found,info_not_found,681,"3,362"
2018 Ferrari FXX-K Evo,EXTREME TRACK TOYS,0,Autoshow,S2,998,RWD,8.1,10,8.3,9.1,10,4,info_not_found,info_not_found,info_not_found,info_not_found,info_not_found,info_not_found,"1,036","2,800"
2018 Ferrari Portofino,SUPER GT,"215,000",Autoshow,S1,814,RWD,7.8,6.5,6.3,6.8,6.8,4.7,info_not_found,info_not_found,info_not_found,info_not_found,Wheelspin,info_not_found,591,"3,669"
2019 Ferrari 488 Pista,TRACK TOYS,"320,000",Autoshow,S1,889,RWD,7.6,8.2,7,7.6,8.4,4.2,210.5 Mph,2.3s,4.9s,1.27 g,Wheelspin,info_not_found,711,"3,053"
2019 Ferrari Monza SP2,SUPER GT,"2,000,000",Autoshow,S1,867,RWD,8.6,7.3,6.1,6.6,7.1,3.7,237.3 Mph,3.0s,5.5s,1.13 g,info_not_found,info_not_found,799,"3,503"
1932 Ford De Luxe Five-Window Coupe,RODS AND CUSTOMS,"35,000",Autoshow,D,126,RWD,3.2,3.9,1.9,2.8,1.8,4.8,info_not_found,info_not_found,info_not_found,info_not_found,Wheelspin,info_not_found,65,"2,398"
1932 Ford De Luxe Five-Window Coupe Forza Edition,UNLIMITED BUGGIES,0,Other,A,800,info_not_found,6.6,2.9,5.8,6.3,5.8,8.8,info_not_found,info_not_found,info_not_found,info_not_found,info_not_found,info_not_found,603,"2,094"
1940 Ford De Luxe Coupe,RODS AND CUSTOMS,"44,000",Autoshow,D,130,RWD,3.2,3.6,2.1,2.2,1.8,6.1,info_not_found,info_not_found,info_not_found,info_not_found,Wheelspin,info_not_found,85,"2,970"
1956 Ford F-100,RODS AND CUSTOMS,"36,000",Barn,D,302,RWD,3.8,2.7,3.1,3,2.1,6.9,106.0 Mph,14.9s,40.0s,0.71 g,info_not_found,info_not_found,173,"3,325"
1959 Ford Anglia 105E,CULT CARS,"20,000",Autoshow,D,100,RWD,2.6,4.1,1.6,2.6,2,6.1,info_not_found,info_not_found,info_not_found,info_not_found,Wheelspin,info_not_found,39,"1,676"
1964 Ford GT40 Mk I,CLASSIC RACERS,"11,000,000",Car Collection,A,754,RWD,6.9,5.2,4.6,3.7,4,4.8,info_not_found,info_not_found,info_not_found,info_not_found,info_not_found,info_not_found,390,"2,222"
1965 Ford Mustang GT Coupe,CLASSIC MUSCLE,"46,000",Autoshow,D,499,RWD,5.1,3.6,3.3,3.2,2.3,5.4,info_not_found,info_not_found,info_not_found,info_not_found,Wheelspin,info_not_found,271,"2,562"
1965 Ford Transit,VANS AND UTILITY,"25,000",Autoshow,D,100,RWD,2.5,4.2,1.3,1.8,1.8,6.3,info_not_found,info_not_found,info_not_found,info_not_found,Wheelspin,info_not_found,73,"3,527"
1966 Ford #2 GT40 Mk II,CLASSIC RACERS,"11,000,000",Autoshow,A,771,RWD,7.5,5,4.3,3.5,3.8,4.7,info_not_found,info_not_found,info_not_found,info_not_found,Wheelspin,info_not_found,485,"2,682"
1966 Ford Lotus Cortina,CLASSIC RACERS,"50,000",Autoshow,D,389,RWD,4,3.9,3.5,2.6,2.3,5.3,info_not_found,info_not_found,info_not_found,info_not_found,Wheelspin,info_not_found,115,"2,060"
1967 Ford Racing Escort MK1,CLASSIC RALLY,"500,000",Barn,B,636,RWD,4.5,4.8,4.6,3.5,4.1,7.3,info_not_found,info_not_found,info_not_found,info_not_found,info_not_found,info_not_found,200,"2,116"
1968 Ford Mustang GT 2+2 Fastback,CLASSIC MUSCLE,"50,000",Barn,D,498,RWD,5.7,3.9,3.4,3.3,2.3,5.5,info_not_found,info_not_found,info_not_found,info_not_found,info_not_found,info_not_found,325,"3,548"
1969 Ford Mustang Boss 302,CLASSIC MUSCLE,"230,000",Autoshow,C,581,RWD,5.5,4.4,3.2,2.3,3,5.8,info_not_found,info_not_found,info_not_found,info_not_found,Wheelspin,info_not_found,290,"3,250"
1970 Ford GT70,CLASSIC RALLY,"150,000",Autoshow,B,671,RWD,5.1,5.5,4.2,3.1,3.4,7.3,info_not_found,info_not_found,info_not_found,info_not_found,Wheelspin,info_not_found,200,"1,680"
1971 Ford Mustang Mach 1 1971,CLASSIC MUSCLE,"250,000",This info will be available soon,C,546,RWD,4.8,3.8,3.4,3.2,2.5,5.2,info_not_found,info_not_found,info_not_found,info_not_found,info_not_found,info_not_found,376,"3,710"
1972 Ford Falcon XA GT-HO,CLASSIC MUSCLE,"80,000",Autoshow,B,624,RWD,6.3,4.2,4,3.3,2.9,5.4,info_not_found,info_not_found,info_not_found,info_not_found,Wheelspin,Accolade,410,"3,461"
1973 Ford Capri RS3100,CLASSIC SPORTS CARS,"55,000",Autoshow,D,497,RWD,4.8,4.1,3.8,3.3,2.5,5.2,130.5 Mph,7.3s,20.8s,0.81 g,Wheelspin,info_not_found,148,"2,315"
1973 Ford Escort RS1600,CLASSIC RALLY,"73,000",Autoshow,D,476,RWD,4.2,4.1,3.7,2.7,2.9,5.9,info_not_found,info_not_found,info_not_found,info_not_found,Wheelspin,info_not_found,113,"1,918"
1975 Ford Bronco,PICK-UP & 4X4'S,"38,000",Autoshow,D,421,AWD,4.3,3,3.5,2.8,2.1,8,info_not_found,info_not_found,info_not_found,info_not_found,Wheelspin,info_not_found,205,"3,545"
1977 Ford #5 Escort RS1800 MkII,CLASSIC RALLY,"300,000",Autoshow,B,662,RWD,4.4,4.5,5,5.3,3.8,7,info_not_found,info_not_found,info_not_found,info_not_found,Wheelspin,Forza Shop,255,"2,161"
1977 Ford Escort RS1800,CLASSIC RALLY,"88,000",Autoshow,D,477,RWD,4.2,4.2,3.6,3,2.8,6,info_not_found,info_not_found,info_not_found,info_not_found,Wheelspin,info_not_found,115,"1,986"
1981 Ford Fiesta XR2,RETRO HOT HATCH,"25,000",Wheelspin,D,369,FWD,3.8,4.4,3.1,2.4,2.5,5.1,info_not_found,info_not_found,info_not_found,info_not_found,Season Event,Festival Playlist,84,"1,852"
1985 Ford RS200 Evolution,RALLY MONSTERS,"260,000",Autoshow,S1,808,AWD,5.4,5.7,6.9,2.3,5,7.8,info_not_found,info_not_found,info_not_found,info_not_found,Wheelspin,info_not_found,506,"2,464"
1986 Ford Escort RS Turbo,RETRO HOT HATCH,"25,000",Autoshow,C,516,FWD,4.5,4.2,3.8,3.7,2.8,4.9,info_not_found,info_not_found,info_not_found,info_not_found,Wheelspin,info_not_found,130,"2,154"
1987 Ford Sierra Cosworth RS500,RETRO SALOONS,"66,000",Autoshow,B,604,RWD,5.6,4.8,4.3,3.3,3.4,4.8,info_not_found,info_not_found,info_not_found,info_not_found,Wheelspin,info_not_found,224,"2,734"
1992 Ford Escort RS Cosworth,RETRO RALLY,"66,000",Autoshow,C,565,AWD,5.2,4.8,4.3,2.8,3.1,5.2,142.9 Mph,6.2s,17.4s,0.89 g,Wheelspin,info_not_found,224,"2,811"
1993 Ford SVT Cobra R,RETRO MUSCLE,"28,000",Autoshow,C,539,RWD,5.3,4.5,3.7,2.9,2.9,4.7,info_not_found,info_not_found,info_not_found,info_not_found,Wheelspin,info_not_found,235,"3,125"
1994 Ford Supervan 3,TRACK TOYS,"500,000",Autoshow,S1,820,RWD,5.2,8,7.4,5.5,7.9,4.6,info_not_found,info_not_found,info_not_found,info_not_found,Wheelspin,info_not_found,295,"1,962"
1999 Ford Racing Puma,RETRO RALLY,"20,000",Autoshow,C,514,FWD,4.9,4.6,3.5,2.7,3.3,5,info_not_found,info_not_found,info_not_found,info_not_found,Wheelspin,info_not_found,153,"2,588"
1999 Ford Racing Puma Forza Edition,RALLY MONSTERS,"500,000",Other,S1,900,AWD,5.7,6.3,9.4,6,5.8,8,info_not_found,info_not_found,info_not_found,info_not_found,info_not_found,info_not_found,506,"2,194"
2000 Ford SVT Cobra R,RETRO MUSCLE,"55,000",Autoshow,B,648,RWD,6.7,5,4,4,3.4,4.5,info_not_found,info_not_found,info_not_found,info_not_found,Wheelspin,info_not_found,385,"3,589"
2003 Ford Focus RS,HOT HATCH,"30,000",Autoshow,C,593,FWD,5.1,5.1,4.1,3.6,3.5,4.6,info_not_found,info_not_found,info_not_found,info_not_found,Wheelspin,info_not_found,212,"2,822"
2005 Ford GT,RETRO SUPERCARS,"300,000",Wheelspin,A,786,RWD,7.7,6.6,4.7,3.3,5.3,5.1,info_not_found,info_not_found,info_not_found,info_not_found,Season Event,Festival Playlist,550,"3,390"
2009 Ford Focus RS,SUPER HOT HATCH,"25,000",Autoshow,B,660,FWD,5.6,5.5,4.4,4.5,3.9,4.7,info_not_found,info_not_found,info_not_found,info_not_found,Wheelspin,info_not_found,300,"3,236"
2010 Ford Crown Victoria Police Interceptor,RETRO MUSCLE,"25,000",Autoshow,D,462,RWD,5.2,4.1,3.1,1.9,2.5,5.6,info_not_found,info_not_found,info_not_found,info_not_found,Wheelspin,info_not_found,250,"4,057"
2011 Ford F-150 SVT Raptor,PICK-UP & 4X4'S,"42,000",Autoshow,C,518,AWD,5.3,3.3,4.1,3.1,2.8,8.6,info_not_found,info_not_found,info_not_found,info_not_found,Wheelspin,info_not_found,411,"6,006"
2011 Ford Transit SuperSportVan,VANS AND UTILITY,"50,000",Autoshow,D,347,RWD,4.5,4,2.7,3.1,2.3,5.4,info_not_found,info_not_found,info_not_found,info_not_found,Wheelspin,info_not_found,198,"4,493"
2013 Ford Shelby GT500,MODERN MUSCLE,"115,000",Autoshow,A,756,RWD,7.4,5.2,4.7,4.6,4.3,4.9,info_not_found,info_not_found,info_not_found,info_not_found,Wheelspin,info_not_found,662,"3,898"
2014 Ford #11 Rockstar F-150 Trophy Truck,UNLIMITED OFFROAD,"500,000",Autoshow,A,731,RWD,5.6,3.3,4.6,4.5,4.8,9.1,info_not_found,info_not_found,info_not_found,info_not_found,Wheelspin,info_not_found,850,"6,250"
2014 Ford Ranger T6 Rally Raid,OFFROAD,"250,000",Autoshow,B,643,AWD,4.4,4.8,5.4,7.8,4,8.4,0.0 Mph,5.5s,15.4s,0.85 g,Wheelspin,Accolade,349,"4,354"
2017 Ford #14 Rahal Letterman Lanigan Racing GRC Fiesta,RALLY MONSTERS,"500,000",Wheelspin,S1,860,AWD,5,5.6,9.2,10,5.9,7.6,0.0 Mph,2.8s,5.9s,1.17 g,Season Event,Festival Playlist,600,"2,746"
2017 Ford #25 'Brocky' Ultra4 Bronco RTR,UNLIMITED OFFROAD,"500,000",Autoshow,A,748,AWD,4.7,4.1,6.1,5.2,5.2,10,info_not_found,info_not_found,info_not_found,info_not_found,Wheelspin,info_not_found,600,"4,500"
2017 Ford Focus RS,SUPER HOT HATCH,"59,000",Autoshow,A,702,AWD,6.2,6,5.8,3.7,4.2,5.5,info_not_found,info_not_found,info_not_found,info_not_found,Wheelspin,Accolade,350,"3,446"
2017 Ford GT,MODERN SUPERCARS,"400,000",Autoshow,S1,863,RWD,8.3,7.1,6.6,3.6,8.5,4.4,info_not_found,info_not_found,info_not_found,info_not_found,Accolade,info_not_found,630,"3,353"
2017 Ford M-Sport Fiesta RS,RALLY MONSTERS,"500,000",Autoshow,S1,808,AWD,5.1,6.1,8.7,9.7,6.1,8.5,info_not_found,info_not_found,info_not_found,info_not_found,Wheelspin,Accolade,375,"2,800"
2018 Ford #25 Mustang RTR,DRIFT CARS,"500,000",Autoshow,S1,834,RWD,5.9,5.3,5.2,5.5,4.7,4,info_not_found,info_not_found,info_not_found,info_not_found,Wheelspin,info_not_found,"1,000","3,100"
2018 Ford #88 Mustang RTR,DRIFT CARS,"500,000",Autoshow,S1,834,RWD,5.9,5.3,5.2,5.5,4.7,4.1,info_not_found,info_not_found,info_not_found,info_not_found,Wheelspin,info_not_found,"1,000","3,100"
2019 Ford Ranger Raptor,PICK-UP & 4X4'S,"58,000",Wheelspin,D,451,AWD,4.5,3.3,2.7,4.9,3.1,8.6,info_not_found,info_not_found,info_not_found,info_not_found,Season Event,Festival Playlist,211,"5,141"
2020 Ford #2069 Ford Performance Bronco R,OFFROAD,"250,000",Autoshow,C,544,AWD,4.2,4.1,3.2,5.2,4.8,10,info_not_found,info_not_found,info_not_found,info_not_found,Wheelspin,info_not_found,325,"4,475"
1989 Formula Drift #98 BMW 325i,DRIFT CARS,"300,000",Autoshow,S1,813,RWD,6.9,5.1,5,5.2,4.2,4.1,info_not_found,info_not_found,info_not_found,info_not_found,Wheelspin,info_not_found,750,"2,800"
1995 Formula Drift #34 Toyota Supra MKIV,DRIFT CARS,0,Autoshow,S1,845,RWD,7.7,5.6,5.2,3.7,5.6,4.2,info_not_found,info_not_found,info_not_found,info_not_found,Wheelspin,info_not_found,"1,035","2,849"
1997 Formula Drift #777 Nissan 240SX,DRIFT CARS,"300,000",Autoshow,S1,826,RWD,6.7,5.3,5.2,5.5,4.4,4,181.3 Mph,4.6s,7.9s,1.04 g,Wheelspin,Accolade,"1,251","3,100"
2006 Formula Drift #43 Dodge Viper SRT10,DRIFT CARS,"300,000",Autoshow,S1,826,RWD,7.3,5.4,5.3,5.6,4.9,3.7,info_not_found,info_not_found,info_not_found,info_not_found,Wheelspin,Accolade,"1,350","2,900"
2007 Formula Drift #117 599 GTB Fiorano,DRIFT CARS,"500,000",Autoshow,S1,852,RWD,6.8,5.3,5.7,6.1,4.7,4.4,info_not_found,info_not_found,info_not_found,info_not_found,Wheelspin,info_not_found,917,"3,200"
2009 Formula Drift #99 Mazda RX-8,DRIFT CARS,0,Autoshow,S1,829,RWD,6.7,5.4,4.7,3.2,4.5,4,info_not_found,info_not_found,info_not_found,info_not_found,Wheelspin,info_not_found,"1,000","2,824"
2013 Formula Drift #777 Chevrolet Corvette,DRIFT CARS,"300,000",Autoshow,S1,848,RWD,6.4,5.5,5.1,5.4,4.8,3.6,info_not_found,info_not_found,info_not_found,info_not_found,Wheelspin,info_not_found,"1,050","3,000"
2015 Formula Drift #13 Ford Mustang,DRIFT CARS,"300,000",Autoshow,S1,825,RWD,5.8,5.4,5.1,5.4,4.7,4.1,info_not_found,info_not_found,info_not_found,info_not_found,Wheelspin,info_not_found,986,"3,100"
2016 Formula Drift #530 HSV Maloo GEN-F,DRIFT CARS,"300,000",Autoshow,S1,808,RWD,7.6,5.3,4.6,4.8,4.3,4.1,info_not_found,info_not_found,info_not_found,info_not_found,Wheelspin,info_not_found,"1,000","2,899"
2017 Formula Drift #357 Chevrolet Corvette,DRIFT CARS,0,Autoshow,S1,835,RWD,8.9,5.5,5.1,5.4,4.9,4.4,info_not_found,info_not_found,info_not_found,info_not_found,Wheelspin,info_not_found,825,"2,939"
2018 Formula Drift #64 Nissan 370Z,DRIFT CARS,"300,000",Autoshow,S1,843,RWD,7.3,5.4,5.2,5.5,4.4,4,info_not_found,info_not_found,info_not_found,info_not_found,Wheelspin,Accolade,"1,015","2,866"
2019 Formula Drift #411 Toyota Corolla Hatchback,DRIFT CARS,0,Autoshow,S1,840,RWD,7,5.2,5,5.2,5.5,4.2,info_not_found,info_not_found,info_not_found,info_not_found,Wheelspin,info_not_found,"1,185","3,156"
2020 Formula Drift #151 Toyota GR Supra,DRIFT CARS,0,Autoshow,S1,863,RWD,6.2,5.3,5.5,3.6,5.6,4.1,info_not_found,info_not_found,info_not_found,info_not_found,Wheelspin,info_not_found,"1,033","3,156"
2020 Formula Drift #91 BMW M2,DRIFT CARS,0,Autoshow,S1,839,RWD,6.7,5.3,5.2,5.6,5,3.9,info_not_found,info_not_found,info_not_found,info_not_found,Wheelspin,info_not_found,822,"2,849"
2018 Funco Motorsports F9,UNLIMITED BUGGIES,"500,000",Wheelspin,S1,821,RWD,5.2,2.9,7.6,8.5,5.1,8.8,139.2 Mph,3.5s,5.7s,0.93 g,Accolade,info_not_found,"1,750","2,800"
1984 Honda Civic CRX Mugen,RETRO HOT HATCH,"40,000",Season Event,D,499,FWD,4.8,4.7,3,1.8,2.6,4.6,info_not_found,info_not_found,info_not_found,info_not_found,Festival Playlist,Forza Shop,120,"1,819"
1992 Honda NSX-R,RETRO SPORTS CARS,"90,000",Autoshow,B,691,RWD,6.2,6.1,4.9,3.8,4.3,4.6,info_not_found,info_not_found,info_not_found,info_not_found,Wheelspin,info_not_found,276,"2,712"
1997 Honda Civic Type R,RETRO HOT HATCH,"25,000",Autoshow,C,553,FWD,5.5,4.8,3.7,3,3,4.7,info_not_found,info_not_found,info_not_found,info_not_found,info_not_found,info_not_found,182,"2,403"
2003 Honda S2000,MODERN SPORTS CARS,"25,000",Autoshow,B,630,RWD,6,5.4,4.2,3.7,3.3,5,info_not_found,info_not_found,info_not_found,info_not_found,Wheelspin,info_not_found,247,"2,756"
2004 Honda Civic Type R,RETRO HOT HATCH,"25,000",Autoshow,C,600,FWD,5.4,5,4.1,3.7,3.5,5.1,info_not_found,info_not_found,info_not_found,info_not_found,info_not_found,info_not_found,212,"2,624"
2005 Honda NSX-R,RETRO SPORTS CARS,"150,000",Autoshow,B,691,RWD,6.4,5.8,5,3.8,4.7,4.9,info_not_found,info_not_found,info_not_found,info_not_found,Wheelspin,Accolade,290,"2,800"
2005 Honda NSX-R GT,RETRO SPORTS CARS,"500,000",Season Event,A,725,RWD,6.4,6.7,5.6,4.4,5.6,4.5,info_not_found,info_not_found,info_not_found,info_not_found,Festival Playlist,Forza Shop,276,"2,800"
2007 Honda Civic Type R,HOT HATCH,"20,000",Autoshow,C,574,FWD,5.3,5.4,4,3.2,3.7,5.2,info_not_found,info_not_found,info_not_found,info_not_found,info_not_found,info_not_found,198,"2,965"
2009 Honda S2000 CR,MODERN SPORTS CARS,"25,000",Autoshow,B,635,RWD,5.7,5.7,4.6,3.7,3.7,5,info_not_found,info_not_found,info_not_found,info_not_found,Wheelspin,info_not_found,237,"2,813"
2016 Honda Civic Coupe,RALLY MONSTERS,"155,000",Season Event,S1,861,AWD,5,5.6,9.2,8.4,5.8,7.3,info_not_found,info_not_found,info_not_found,info_not_found,Festival Playlist,Forza Shop,600,"2,746"
2016 Honda Civic Type R,SUPER HOT HATCH,"38,000",Autoshow,B,699,FWD,6.5,6,4.7,4.8,4.3,4.6,info_not_found,info_not_found,info_not_found,info_not_found,info_not_found,info_not_found,306,"3,047"
2018 Honda Civic Type R,SUPER HOT HATCH,"59,000",Autoshow,A,727,FWD,6.8,6,4.6,4.8,4.6,4.6,info_not_found,info_not_found,info_not_found,info_not_found,info_not_found,info_not_found,306,"3,117"
1955 Hoonigan Chevrolet Bel Air,RODS AND CUSTOMS,"76,000",Autoshow,B,621,RWD,5.7,3.8,4.1,3.1,3,6.4,157.8 Mph,6.2s,13.1s,0.82 g,Wheelspin,Accolade,410,"3,244"
"1965 Hoonigan Ford ""Hoonicorn"" Mustang",DRIFT CARS,"500,000",Autoshow,S2,951,AWD,9.2,6.7,10,7.4,5.9,5.5,info_not_found,info_not_found,info_not_found,info_not_found,Wheelspin,info_not_found,"1,400","2,998"
1965 Hoonigan GYMKHANA 10 Ford Hoonicorn Mustang,DRIFT CARS,"500,000",Season Event,S2,952,AWD,8.8,6.6,10,7.7,5.9,5.4,info_not_found,info_not_found,info_not_found,info_not_found,Festival Playlist,Forza Shop,"1,400","2,998"
1972 Hoonigan Chevrolet Napalm Nova,CLASSIC MUSCLE,"50,000",Autoshow,A,731,RWD,6.7,5.2,5,5.3,4.7,5,185.4 Mph,4.1s,9.7s,0.95 g,Wheelspin,info_not_found,475,"3,566"
"1977 Hoonigan GYMKHANA 10 Ford F-150 ""Hoonitruck""",DRIFT CARS,"500,000",Autoshow,S1,896,AWD,6.2,6.5,7.9,8.7,6.7,5.7,info_not_found,info_not_found,info_not_found,info_not_found,Wheelspin,info_not_found,914,"3,210"
1978 Hoonigan Ford Escort RS1800,RALLY MONSTERS,"300,000",Autoshow,S1,820,RWD,6.2,6.7,5.7,6.1,6.3,4.2,171.5 Mph,4.3s,10.1s,1.15 g,Wheelspin,info_not_found,333,"1,846"
1986 Hoonigan Ford RS200 Evolution,RALLY MONSTERS,"500,000",Autoshow,S2,904,AWD,7.6,6.5,9.5,5.1,5.3,8.3,0.0 Mph,2.6s,4.9s,1.22 g,Wheelspin,info_not_found,750,"2,494"
1991 Hoonigan GYMKHANA 10 Ford Escort Cosworth Group A,RALLY MONSTERS,"500,000",Autoshow,S1,862,AWD,7.8,6.2,9.1,8.7,5.3,7.6,213.8 Mph,2.5s,5.2s,1.14 g,Wheelspin,info_not_found,620,"2,690"
1991 Hoonigan Rauh-Welt Begriff Porsche 911 Turbo,RETRO SUPERCARS,"160,000",Mastery Tree,S1,811,RWD,6.7,7.7,7.2,4.1,5.3,4,187.3 Mph,4.1s,9.8s,1.23 g,Season Event,Festival Playlist,385,"2,976"
1992 Hoonigan Mazda RX-7 Twerkstallion,DRIFT CARS,"50,000",Mastery Tree,A,799,RWD,8.3,5.8,4.6,4.7,4.5,3.8,info_not_found,info_not_found,info_not_found,info_not_found,Season Event,Festival Playlist,600,"2,866"
1994 Hoonigan Ford Escort RS Cosworth WRC “Cossie V2”,RALLY MONSTERS,"500,000",Autoshow,A,783,AWD,5.5,6.1,7.7,4,5.9,7.4,153.2 Mph,3.1s,7.7s,1.10 g,Other,info_not_found,371,"2,822"
2016 Hoonigan GYMKHANA 10 Ford Focus RS RX,RALLY MONSTERS,"500,000",Wheelspin,S1,862,AWD,5.1,5.7,9.2,10,6.4,7.2,142.6 Mph,1.9s,5.0s,1.18 g,Accolade,info_not_found,620,"2,690"
1969 Hot Wheels Twin Mill,RODS AND CUSTOMS,"110,000",Wheelspin,A,798,RWD,8.6,5.2,4.9,5.2,4.5,3.8,info_not_found,info_not_found,info_not_found,info_not_found,Season Event,Festival Playlist,"1,401","4,696"
2011 Hot Wheels Bone Shaker,RODS AND CUSTOMS,"150,000",Autoshow,A,790,RWD,6,5.2,5.7,6.2,4.9,4.2,165.8 Mph,4.0s,9.0s,1.11 g,Accolade,info_not_found,402,"2,205"
2014 HSV GEN-F GTS,MODERN MUSCLE,"75,000",Autoshow,A,721,RWD,7,5.5,4.8,4,4.5,4.8,info_not_found,info_not_found,info_not_found,info_not_found,Wheelspin,info_not_found,577,"4,147"
2014 HSV Limited Edition GEN-F GTS Maloo,VANS AND UTILITY,"62,000",Autoshow,A,742,RWD,6.5,5.5,4.8,4.6,4.8,4.4,info_not_found,info_not_found,info_not_found,info_not_found,Wheelspin,info_not_found,577,"4,034"
2006 HUMMER H1 Alpha,PICK-UP & 4X4'S,"112,000",Autoshow,D,354,AWD,4.2,2.9,2,2.5,2.4,8.6,info_not_found,info_not_found,info_not_found,info_not_found,Wheelspin,info_not_found,300,"8,114"
2019 Hyundai Veloster N,SUPER HOT HATCH,"30,000",Wheelspin,B,645,FWD,6,5.4,4.5,4.7,3.7,5,info_not_found,info_not_found,info_not_found,info_not_found,Season Event,Festival Playlist,275,"3,106"
2015 Infiniti Q60 Concept,SUPER SALOONS,"50,000",Autoshow,A,735,RWD,6.8,5.6,4.8,5,4.7,4.6,info_not_found,info_not_found,info_not_found,info_not_found,Wheelspin,info_not_found,400,"3,650"
1970 International Scout 800A,PICK-UP & 4X4'S,"40,000",Autoshow,D,384,AWD,4.1,3,2.7,3.6,2.1,7.8,116.0 Mph,15.3s,37.8s,0.75 g,Wheelspin,info_not_found,193,"3,615"
2018 ItalDesign ZeroUno,HYPERCARS,"2,400,000",Season Event,S1,869,AWD,7.6,7.7,9.2,8.9,8,4.9,210.9 Mph,2.8s,6.2s,1.24 g,Festival Playlist,Forza Shop,602,"3,362"
1956 Jaguar D-Type,CLASSIC RACERS,"22,000,000",Autoshow,B,630,RWD,5.6,3.8,3.8,2.6,2.8,4.4,info_not_found,info_not_found,info_not_found,info_not_found,Wheelspin,Accolade,245,"2,100"
1959 Jaguar Mk II 3.8,CLASSIC RACERS,"80,000",Autoshow,D,448,RWD,4.6,4.1,3.5,2.8,2.8,5.5,info_not_found,info_not_found,info_not_found,info_not_found,Wheelspin,info_not_found,220,"3,360"
1961 Jaguar E-type,RARE CLASSICS,"150,000",Autoshow,C,525,RWD,5.2,4.2,4,2.8,2.7,5.2,144.3 Mph,7.4s,19.0s,0.79 g,Wheelspin,info_not_found,265,"2,900"
1964 Jaguar Lightweight E-Type,CLASSIC RACERS,"7,500,000",Autoshow,B,688,RWD,6.3,4.4,4.7,4.4,3.4,4.6,info_not_found,info_not_found,info_not_found,info_not_found,Wheelspin,info_not_found,340,"2,292"
1966 Jaguar XJ13,CLASSIC RACERS,0,Autoshow,A,779,RWD,7.6,4.9,5.1,4.4,4,4.2,info_not_found,info_not_found,info_not_found,info_not_found,info_not_found,info_not_found,502,"2,557"
1991 Jaguar Sport XJR-15,RETRO SUPERCARS,"500,000",Barn,S1,828,RWD,7.5,8,6,6.3,6.8,4.7,info_not_found,info_not_found,info_not_found,info_not_found,info_not_found,info_not_found,450,"2,315"
1993 Jaguar XJ220,RETRO SUPERCARS,"350,000",Wheelspin,A,786,RWD,7.7,6.4,5.2,2.2,5.2,4.8,info_not_found,info_not_found,info_not_found,info_not_found,Season Event,Festival Playlist,542,"3,241"
1993 Jaguar XJ220S TWR,RETRO SUPERCARS,0,Autoshow,S1,848,RWD,8.2,6.8,6.4,2.7,6,4.6,info_not_found,info_not_found,info_not_found,info_not_found,info_not_found,info_not_found,680,"2,379"
2010 Jaguar C-X75,MODERN SUPERCARS,"1,500,000",Autoshow,S1,880,AWD,8.1,7.8,9.4,10,8,4.1,info_not_found,info_not_found,info_not_found,info_not_found,Wheelspin,info_not_found,890,"3,750"
2012 Jaguar XKR-S,GT CARS,"100,000",Autoshow,A,756,RWD,7.5,6.1,4.9,5.1,4.3,4.4,info_not_found,info_not_found,info_not_found,info_not_found,Wheelspin,info_not_found,542,"3,865"
2015 Jaguar F-Type R Coupé,GT CARS,"110,000",Wheelspin,A,777,RWD,7.5,5.9,5.2,5.4,6,4.2,info_not_found,info_not_found,info_not_found,info_not_found,Season Event,Festival Playlist,550,"3,638"
2015 Jaguar XE-S,SUPER SALOONS,"57,000",Autoshow,B,671,RWD,6.8,5.5,4.7,4.8,3.7,4.9,info_not_found,info_not_found,info_not_found,info_not_found,Wheelspin,info_not_found,340,"3,787"
2015 Jaguar XFR-S,SUPER SALOONS,"110,000",Autoshow,A,728,RWD,7.5,5.7,5,5.2,4.2,4.6,204.6 Mph,3.9s,9.1s,0.94 g,Wheelspin,info_not_found,550,"4,380"
2015 Jaguar XKR-S,TRACK TOYS,"250,000",Season Event,A,778,RWD,7.2,6,5.2,5.4,6.4,4.5,info_not_found,info_not_found,info_not_found,info_not_found,Festival Playlist,Forza Shop,542,"3,977"
2016 Jaguar F-TYPE Project 7,TRACK TOYS,"190,000",Wheelspin,A,786,RWD,7,6.3,5.1,5.4,6.5,4.3,info_not_found,info_not_found,info_not_found,info_not_found,Accolade,info_not_found,567,"3,571"
2017 Jaguar F-PACE S,SPORTS UTILITY HEROES,"55,000",Autoshow,B,674,AWD,6,5,5.4,4.8,3.8,6.5,164.1 Mph,5.1s,13.1s,0.92 g,Wheelspin,info_not_found,380,"4,015"
2018 Jaguar I-PACE,SPORTS UTILITY HEROES,"87,000",Autoshow,A,705,AWD,4.5,4.9,4.5,4.7,3.7,5.8,info_not_found,info_not_found,info_not_found,info_not_found,Wheelspin,Accolade,394,"4,868"
1976 Jeep CJ5 Renegade,PICK-UP & 4X4'S,"60,000",Autoshow,D,431,AWD,3.7,3,4.3,5.3,2.6,7.6,104.3 Mph,7.3s,23.0s,0.79 g,Wheelspin,info_not_found,151,"2,271"
2012 Jeep Wrangler Rubicon,PICK-UP & 4X4'S,"50,000",Autoshow,D,463,AWD,4.6,3.1,4,3.2,2.4,8,127.1 Mph,6.7s,20.6s,0.78 g,Wheelspin,info_not_found,285,"4,132"
2014 Jeep Grand Cherokee SRT,SPORTS UTILITY HEROES,"80,000",Autoshow,B,680,AWD,6,4.1,6,5.8,4,6.7,info_not_found,info_not_found,info_not_found,info_not_found,Wheelspin,info_not_found,470,"5,150"
2016 Jeep Trailcat,UNLIMITED OFFROAD,"75,000",Autoshow,A,744,AWD,6.2,3.9,5.5,4.1,4,10,info_not_found,info_not_found,info_not_found,info_not_found,Wheelspin,Accolade,707,"4,600"
2018 Jeep Grand Cherokee Trackhawk,SPORTS UTILITY HEROES,"73,000",Autoshow,A,749,AWD,6.9,5.1,8.5,7.8,4.9,5.6,info_not_found,info_not_found,info_not_found,info_not_found,Wheelspin,info_not_found,707,"5,350"
2020 Jeep Gladiator Rubicon,PICK-UP & 4X4'S,"45,000",Autoshow,D,456,AWD,4.8,3,3.6,3.2,2.5,8.4,info_not_found,info_not_found,info_not_found,info_not_found,Wheelspin,info_not_found,285,"5,073"
2002 Koenigsegg CC8S,HYPERCARS,"400,000",Autoshow,S1,846,RWD,8.7,7.6,6.1,3.8,6.4,4.7,239.1 Mph,3.5s,7.1s,1.09 g,Wheelspin,info_not_found,564,"2,811"
2008 Koenigsegg CCGT,EXTREME TRACK TOYS,"1,000,000",Wheelspin,S2,965,RWD,7.8,10,6.8,7.1,10,3.9,213.9 Mph,3.3s,5.9s,1.77 g,Season Event,Festival Playlist,610,"2,425"
2015 Koenigsegg One:1,HYPERCARS,"2,800,000",Autoshow,S2,983,RWD,10,9.5,7,7.5,10,4.3,info_not_found,info_not_found,info_not_found,info_not_found,Wheelspin,info_not_found,"1,341","2,998"
2016 Koenigsegg Regera,HYPERCARS,"1,900,000",Autoshow,S2,966,RWD,9.1,7.9,5.8,6.2,9.2,4.2,247.4 Mph,2.8s,5.1s,1.30 g,Wheelspin,Accolade,"1,500","3,589"
2017 Koenigsegg Agera RS,HYPERCARS,"2,000,000",Autoshow,S2,980,RWD,10,9.7,7,7.6,9.7,4.3,275.4 Mph,2.8s,4.7s,1.33 g,Wheelspin,Forza Shop,"1,341","3,075"
2020 Koenigsegg Jesko,HYPERCARS,"2,800,000",Autoshow,S2,971,RWD,10,10,6.9,7.4,9,4.4,info_not_found,info_not_found,info_not_found,info_not_found,Wheelspin,Accolade,"1,280","3,131"
2013 KTM X-Bow R,TRACK TOYS,"105,000",Autoshow,S1,802,RWD,5.2,8,6.8,7.4,7.8,3.9,info_not_found,info_not_found,info_not_found,info_not_found,Wheelspin,info_not_found,295,"1,786"
1967 Lamborghini Miura P400,RARE CLASSICS,"1,000,000",Autoshow,B,625,RWD,5.9,4.9,3.8,2.7,3.1,5.1,info_not_found,info_not_found,info_not_found,info_not_found,Wheelspin,info_not_found,350,"2,745"
1973 Lamborghini Espada 400 GT,RETRO SUPERCARS,"110,000",Autoshow,C,597,RWD,5.8,4.7,4.1,3.1,3,5.1,159.4 Mph,6.5s,15.1s,0.85 g,info_not_found,info_not_found,350,"3,605"
1986 Lamborghini LM 002,PICK-UP & 4X4'S,"180,000",Autoshow,C,562,AWD,5.3,3.3,2.9,1.8,3.2,8.7,142.1 Mph,6.7s,20.6s,0.83 g,Wheelspin,info_not_found,450,"5,952"
1988 Lamborghini Countach LP5000 QV,RETRO SUPERCARS,"220,000",Autoshow,A,735,RWD,6.8,6.2,4.7,3.6,4.3,4.8,186.2 Mph,4.9s,11.9s,1.10 g,Wheelspin,info_not_found,455,"3,284"
1997 Lamborghini Diablo SV,RETRO SUPERCARS,"174,000",Autoshow,A,763,RWD,7.7,6.2,5.2,4.2,4.9,4.6,info_not_found,info_not_found,info_not_found,info_not_found,Wheelspin,info_not_found,530,"3,474"
1999 Lamborghini Diablo GTR,EXTREME TRACK TOYS,"1,000,000",Mastery Tree,S1,881,RWD,7.8,9,6.8,5.9,7.8,4.1,info_not_found,info_not_found,info_not_found,info_not_found,Season Event,Festival Playlist,590,"3,086"
2008 Lamborghini Reventón,MODERN SUPERCARS,"1,375,000",Car Collection,S1,817,AWD,7.8,7,5.2,4.4,7.1,5.1,218.9 Mph,3.4s,7.8s,1.10 g,info_not_found,info_not_found,641,"4,015"
2010 Lamborghini Murciélago LP 670-4 SV,MODERN SUPERCARS,"500,000",Autoshow,S1,818,AWD,7.8,7.2,5.2,4.5,6.9,5,info_not_found,info_not_found,info_not_found,info_not_found,Wheelspin,info_not_found,661,"3,794"
2011 Lamborghini Gallardo LP 570-4 Superleggera,MODERN SUPERCARS,"280,000",Accolade,S1,814,AWD,7.5,7.1,7.4,6.9,5.3,5,info_not_found,info_not_found,info_not_found,info_not_found,info_not_found,info_not_found,562,"3,298"
2011 Lamborghini Sesto Elemento,EXTREME TRACK TOYS,"2,500,000",Autoshow,S2,936,AWD,7.8,10,10,10,10,4.6,214.7 Mph,2.5s,5.2s,1.69 g,Wheelspin,info_not_found,571,"2,202"
2011 Lamborghini Sesto Elemento Forza Edition,EXTREME TRACK TOYS,"2,750,000",Wheelspin,S2,998,AWD,8.4,10,10,10,10,5.1,info_not_found,info_not_found,info_not_found,info_not_found,Season Event,Festival Playlist,638,"2,039"
2012 Lamborghini Aventador J,HYPERCARS,"2,700,000",Season Event,S1,839,AWD,7.9,7.1,7.7,7,7.1,5.1,216.1 Mph,2.8s,6.1s,1.14 g,Festival Playlist,Forza Shop,700,"3,816"
2012 Lamborghini Aventador LP700-4,HYPERCARS,"380,000",Autoshow,S1,847,AWD,8.9,7.1,8.2,7.4,7.3,5,245.9 Mph,2.8s,6.5s,1.13 g,Wheelspin,info_not_found,700,"3,816"
2012 Lamborghini Gallardo LP 570-4 Spyder Performante,MODERN SUPERCARS,"280,000",Season Event,A,797,AWD,7.1,6.8,6.7,6.3,6.6,5.1,195.9 Mph,3.9s,7.8s,1.00 g,Festival Playlist,Forza Shop,562,"3,618"
2013 Lamborghini Veneno,HYPERCARS,"3,000,000",Autoshow,S2,910,AWD,8.2,9.4,8.8,8.1,9.7,4.6,224.1 Mph,2.7s,5.8s,1.66 g,Wheelspin,info_not_found,740,"3,629"
2014 Lamborghini Huracán LP 610-4,MODERN SUPERCARS,"240,000",Autoshow,S1,838,AWD,7.8,7.1,7.8,7.4,7.1,5,info_not_found,info_not_found,info_not_found,info_not_found,Wheelspin,info_not_found,602,"3,422"
2016 Lamborghini Aventador Superveloce,HYPERCARS,"480,000",Autoshow,S1,872,AWD,8.5,7.9,8.7,8,8.1,5,237.2 Mph,2.7s,5.9s,1.26 g,Wheelspin,Accolade,740,"3,706"
2016 Lamborghini Centenario LP 770-4,HYPERCARS,"2,300,000",Autoshow,S1,884,AWD,8.3,8.7,8.7,8,8.9,4.6,228.6 Mph,2.8s,5.4s,1.28 g,Wheelspin,info_not_found,759,"3,693"
2018 Lamborghini Aventador SVJ,HYPERCARS,"500,000",Season Event,S1,889,AWD,8,8.6,8.3,7.6,8.2,4.7,222.7 Mph,2.8s,5.8s,1.28 g,Festival Playlist,Forza Shop,759,"3,607"
2018 Lamborghini Huracán Performante,TRACK TOYS,"275,000",Autoshow,S1,874,AWD,7.6,8.2,9.8,10,7.9,4.7,info_not_found,info_not_found,info_not_found,info_not_found,Wheelspin,info_not_found,630,"3,333"
2019 Lamborghini Urus,SPORTS UTILITY HEROES,"150,000",Autoshow,A,767,AWD,7.1,5.6,6.1,5.1,6.2,6.1,info_not_found,info_not_found,info_not_found,info_not_found,Wheelspin,Accolade,641,"4,850"
2020 Lamborghini Huracán EVO,MODERN SUPERCARS,"340,000",Autoshow,S1,851,AWD,7.3,7.7,9.3,10,7.4,4.6,203.4 Mph,6.4s,3.1s,1.13 g,info_not_found,info_not_found,630,"3,422"
1972 Land Rover Series III,PICK-UP & 4X4'S,"20,000",Autoshow,D,100,AWD,2.6,3,1.6,2.3,2,7.2,info_not_found,info_not_found,info_not_found,info_not_found,Wheelspin,info_not_found,69,"3,097"
1973 Land Rover Range Rover,PICK-UP & 4X4'S,"50,000",Autoshow,D,274,AWD,3.3,3.1,2.3,3.5,2.5,7.8,94.9 Mph,13.9s,??s,0.74 g,Wheelspin,info_not_found,135,"3,800"
1997 Land Rover Defender 90,PICK-UP & 4X4'S,"30,000",Autoshow,D,366,AWD,3.8,3.2,2.7,1.8,2.5,8.2,info_not_found,info_not_found,info_not_found,info_not_found,Wheelspin,info_not_found,182,"3,902"
2015 Land Rover Range Rover Sport SVR,SPORTS UTILITY HEROES,"133,000",Autoshow,A,722,AWD,6.5,4,6,6.2,4.1,7.2,178.2 Mph,4.3s,10.5s,0.92 g,Wheelspin,info_not_found,550,"5,148"
2018 Land Rover Range Rover Velar First Edition,SPORTS UTILITY HEROES,"85,000",Autoshow,B,638,AWD,6,4.1,4.4,4.1,3.7,6.9,info_not_found,info_not_found,info_not_found,info_not_found,Wheelspin,info_not_found,375,"4,676"
2020 Land Rover Defender 110 X,SPORTS UTILITY HEROES,"80,000",Autoshow,C,534,AWD,5.4,3.1,4.7,6,2.9,7.2,info_not_found,info_not_found,info_not_found,info_not_found,Wheelspin,info_not_found,395,"5,260"
1997 Lexus SC300,RETRO SPORTS CARS,"25,000",Autoshow,C,555,RWD,5.6,5.1,4,3.1,3,5.5,152.5 Mph,7.4s,19.4s,0.87 g,Wheelspin,info_not_found,225,"3,560"
2010 Lexus LFA,MODERN SUPERCARS,"500,000",Autoshow,S1,810,RWD,7.4,6.6,5.8,6,7,4.5,203.3 Mph,6.7s,7.8s,1.03 g,Wheelspin,Accolade,552,"3,263"
2015 Lexus RC F,SUPER SALOONS,"75,000",Autoshow,A,741,RWD,6.7,5.9,5,5.2,5.2,4.8,info_not_found,info_not_found,info_not_found,info_not_found,Wheelspin,Accolade,467,"3,957"
2014 Local Motors Rally Fighter,UNLIMITED OFFROAD,"100,000",Autoshow,A,716,RWD,6,3.8,4.5,3.6,4,10,info_not_found,info_not_found,info_not_found,info_not_found,Wheelspin,Accolade,430,"3,800"
1969 Lola #6 Penske Sunoco T70 MkIIIB,CLASSIC RACERS,"850,000",Autoshow,S1,818,RWD,7.1,5.7,7,7.7,4.8,4.2,info_not_found,info_not_found,info_not_found,info_not_found,Wheelspin,Accolade,460,"1,852"
1971 Lotus Elan Sprint,CLASSIC SPORTS CARS,"57,000",Autoshow,D,443,RWD,4.6,4,3.5,2.5,2.4,4.9,126.8 Mph,8.4s,26.5s,0.81 g,Wheelspin,info_not_found,126,"1,640"
1997 Lotus Elise GT1,RETRO SUPERCARS,"1,800,000",Autoshow,A,794,RWD,6.4,8.1,5.6,3.4,7.1,4.6,info_not_found,info_not_found,info_not_found,info_not_found,Wheelspin,info_not_found,350,"2,425"
1999 Lotus Elise Series 1 Sport 190,RETRO SPORTS CARS,"81,000",Autoshow,A,711,RWD,5.3,6,5.8,4.8,5.1,4.8,info_not_found,info_not_found,info_not_found,info_not_found,Wheelspin,info_not_found,190,"1,477"
2012 Lotus Exige S,MODERN SPORTS CARS,"85,000",Autoshow,A,754,RWD,6.4,6.3,6.5,6.2,5.4,4.8,176.8 Mph,4.0s,9.6s,1.01 g,Wheelspin,Accolade,345,"2,593"
2016 Lotus 3-Eleven,TRACK TOYS,"150,000",Autoshow,S1,839,RWD,6.5,7.7,7.5,7.8,7.1,4.6,181.9 Mph,3.3s,7.0s,1.17 g,Wheelspin,info_not_found,410,"2,103"
2020 Lotus Evija,HYPERCARS,"2,500,000",Autoshow,S2,994,AWD,7.6,7.9,7.6,8.5,10,3.9,0.0 Mph,2.7s,4.5s,1.29 g,Accolade,info_not_found,"1,973","3,704"
1939 Maserati 8CTF,VINTAGE RACERS,"10,000,000",Season Event,B,657,RWD,6.7,3.9,3.8,3.2,2.9,4,178.6 Mph,4.5s,9.9s,0.87 g,Festival Playlist,Forza Shop,360,"1,764"
2008 Maserati MC12 Versione Corsa,EXTREME TRACK TOYS,"2,500,000",Autoshow,S2,961,RWD,7.6,10,8.1,8.8,10,3.9,210.2 Mph,3.3s,5.8s,1.77 g,Wheelspin,info_not_found,756,"2,646"
2010 Maserati Gran Turismo S,GT CARS,"156,000",Autoshow,A,702,RWD,6.9,6,5.4,4.8,4.5,5,info_not_found,info_not_found,info_not_found,info_not_found,Wheelspin,info_not_found,432,"4,146"
2010 Maserati Gran Turismo S Forza Edition,TRACK TOYS,"500,000",Wheelspin,S1,900,RWD,7.9,8.9,6.7,7.3,9.6,3.8,info_not_found,info_not_found,info_not_found,info_not_found,Season Event,Festival Playlist,603,"3,086"
2017 Maserati Levante S,SPORTS UTILITY HEROES,"85,000",Autoshow,B,696,AWD,6.6,5,5.1,2.4,4.3,6.4,info_not_found,info_not_found,info_not_found,info_not_found,Wheelspin,info_not_found,424,"4,649"
1990 Mazda Savanna RX-7,RETRO SPORTS CARS,"25,000",Wheelspin,C,558,RWD,5.7,4.9,4.3,3.3,3.1,5.1,info_not_found,info_not_found,info_not_found,info_not_found,Accolade,info_not_found,200,"2,981"
1994 Mazda MX-5 Miata,RETRO SPORTS CARS,"25,000",Autoshow,D,445,RWD,4.5,4.5,3.4,2.3,2.5,4.9,info_not_found,info_not_found,info_not_found,info_not_found,Wheelspin,info_not_found,128,"2,330"
1997 Mazda RX-7,RETRO SPORTS CARS,"35,000",Autoshow,B,645,RWD,6.6,5.5,4.8,3,3.3,5,info_not_found,info_not_found,info_not_found,info_not_found,Wheelspin,info_not_found,261,"2,831"
2002 Mazda RX-7 Spirit R Type-A,RETRO SPORTS CARS,"30,000",Autoshow,B,687,RWD,6.5,5.7,5,3.5,4.1,5,178.7 Mph,5.1s,12.5s,0.96 g,Wheelspin,info_not_found,276,"2,800"
2005 Mazda Mazdaspeed MX-5,RETRO SPORTS CARS,"25,000",Autoshow,C,587,RWD,5.1,5.5,3.4,3.8,3.5,4.6,info_not_found,info_not_found,info_not_found,info_not_found,Wheelspin,info_not_found,178,"2,529"
2011 Mazda RX-8 R3,MODERN SPORTS CARS,"27,000",Autoshow,B,624,RWD,5.8,5.5,4.6,3.8,3.7,5.1,info_not_found,info_not_found,info_not_found,info_not_found,Wheelspin,info_not_found,232,"3,065"
2013 Mazda MX-5,MODERN SPORTS CARS,"26,000",Autoshow,C,549,RWD,4.8,5.4,3.9,3.4,3.4,5.1,131.2 Mph,6.1s,17.3s,0.92 g,Wheelspin,info_not_found,167,"2,593"
2016 Mazda MX-5,MODERN SPORTS CARS,"35,000",Autoshow,B,620,RWD,5.4,5.6,4.6,4.7,3.7,5.1,info_not_found,info_not_found,info_not_found,info_not_found,Wheelspin,info_not_found,155,"2,310"
1993 McLaren F1,RETRO SUPERCARS,"15,000,000",Wheelspin,S1,817,RWD,8.8,6.6,6.3,5.8,5.4,4.5,243.3 Mph,3.4s,7.7s,1.14 g,Season Event,Festival Playlist,627,"2,840"
1997 McLaren F1 GT,RETRO SUPERCARS,"15,000,000",Autoshow,S1,866,RWD,8.4,8.2,6.2,5.8,7,4.3,info_not_found,info_not_found,info_not_found,info_not_found,Wheelspin,info_not_found,618,"2,469"
2013 McLaren P1,HYPERCARS,"1,350,000",Autoshow,S2,928,RWD,9.1,8.4,6.9,7.5,9.5,4.3,253.0 Mph,2.9s,5.2s,1.29 g,Wheelspin,info_not_found,903,"3,296"
2015 McLaren 570S Coupé,MODERN SUPERCARS,"224,000",Autoshow,S1,824,RWD,7.3,6.9,6.3,4.4,7.1,4.4,info_not_found,info_not_found,info_not_found,info_not_found,Wheelspin,info_not_found,562,"3,201"
2015 McLaren 650S Coupé,MODERN SUPERCARS,"224,000",Autoshow,S1,824,RWD,7.6,7.2,6.8,4.8,7.5,4.6,info_not_found,info_not_found,info_not_found,info_not_found,Wheelspin,info_not_found,562,"3,201"
2018 McLaren 600LT Coupé,TRACK TOYS,"260,000",Autoshow,S1,868,RWD,7.4,7.7,6.7,5.3,7.8,4.3,info_not_found,info_not_found,info_not_found,info_not_found,Wheelspin,info_not_found,591,"2,989"
2018 McLaren 720S Coupé,MODERN SUPERCARS,"340,000",Car Collection,S1,899,RWD,8.4,7.7,6.9,7.6,8.8,4.5,info_not_found,info_not_found,info_not_found,info_not_found,info_not_found,info_not_found,710,"3,128"
2018 McLaren Senna,HYPERCARS,"1,000,000",Autoshow,S2,934,RWD,8,9.3,7.2,7.8,10,4.2,222.5 Mph,2.7s,5.1s,1.33 g,info_not_found,info_not_found,789,"2,886"
2019 McLaren 720S Spider,MODERN SUPERCARS,"340,000",Autoshow,S1,887,RWD,7.5,7.4,6.9,7.5,8.9,4.4,info_not_found,info_not_found,info_not_found,info_not_found,Wheelspin,info_not_found,711,"3,236"
2019 McLaren Speedtail,HYPERCARS,"2,250,000",Autoshow,S2,910,RWD,9.6,7.4,6.8,7.4,7.4,3.7,info_not_found,info_not_found,info_not_found,info_not_found,Wheelspin,info_not_found,"1,036","3,521"
2020 McLaren GT,SUPER GT,"210,000",Autoshow,S1,823,RWD,7.4,6.5,6.6,4.3,5.3,4.6,info_not_found,info_not_found,info_not_found,info_not_found,info_not_found,info_not_found,611,"3,384"
2016 Mercedes-AMG C 63 S Coupé,SUPER SALOONS,"90,000",Autoshow,A,755,RWD,7,5.9,5.2,5.5,5.6,4.6,191.6 Mph,3.8s,8.8s,0.96 g,Wheelspin,info_not_found,503,"3,968"
2017 Mercedes-AMG GT R,SUPER GT,"295,000",Autoshow,S1,837,RWD,7.5,7,6.4,7,7.2,4.5,info_not_found,info_not_found,info_not_found,info_not_found,Wheelspin,info_not_found,577,"3,428"
2018 Mercedes-AMG E 63 S,SUPER SALOONS,"135,000",Wheelspin,A,778,AWD,7.6,6,8.7,9.7,4.8,5.1,info_not_found,info_not_found,info_not_found,info_not_found,Season Event,Festival Playlist,603,"4,515"
2018 Mercedes-AMG GT 4-Door Coupé,SUPER SALOONS,"175,000",Autoshow,A,768,AWD,8,5.8,8.4,9.4,4.5,5.2,info_not_found,info_not_found,info_not_found,info_not_found,Wheelspin,info_not_found,630,"4,508"
2021 Mercedes-AMG Mercedes-AMG ONE,HYPERCARS,"2,700,000",Autoshow,S2,927,AWD,7.7,8.9,7.5,3.2,10,4.7,213.1 Mph,2.8s,6.9s,1.37 g,Wheelspin,info_not_found,877,"3,737"
2021 Mercedes-AMG Mercedes-AMG ONE Forza Edition,info_not_found,0,This info will be available soon,info_not_found,info_not_found,info_not_found,info_not_found,info_not_found,info_not_found,info_not_found,info_not_found,info_not_found,info_not_found,info_not_found,info_not_found,info_not_found,info_not_found,info_not_found,0,"2,094"
1929 Mercedes-Benz SSK,RARE CLASSICS,"7,500,000",Autoshow,D,256,RWD,4.1,3.6,3,1.8,1.9,5.5,info_not_found,info_not_found,info_not_found,info_not_found,Wheelspin,info_not_found,200,"3,725"
1939 Mercedes-Benz W154,VINTAGE RACERS,"20,000,000",Car Collection,B,672,RWD,7.9,3.8,4.1,3.3,2.8,4.2,info_not_found,info_not_found,info_not_found,info_not_found,info_not_found,info_not_found,483,"2,683"
1954 Mercedes-Benz 300 SL Coupé,RARE CLASSICS,"1,200,000",Autoshow,D,498,RWD,5.1,4.2,3.6,2.3,2.4,5.6,info_not_found,info_not_found,info_not_found,info_not_found,Wheelspin,info_not_found,241,"2,960"
1987 Mercedes-Benz AMG Hammer Coupe,RETRO SALOONS,"165,000",Autoshow,B,681,RWD,7.2,5.5,4.2,3,3.8,4.7,info_not_found,info_not_found,info_not_found,info_not_found,Wheelspin,info_not_found,379,"3,640"
1990 Mercedes-Benz 190E 2.5-16 Evolution II,RETRO SALOONS,"150,000",Autoshow,C,579,RWD,6.2,4.9,4,3.6,2.9,4.4,info_not_found,info_not_found,info_not_found,info_not_found,Wheelspin,info_not_found,235,"2,954"
1998 Mercedes-Benz AMG CLK GTR,RETRO SUPERCARS,"2,000,000",Autoshow,S1,829,RWD,7.5,7.6,6.1,5.1,6.5,4.2,info_not_found,info_not_found,info_not_found,info_not_found,Wheelspin,info_not_found,622,"3,175"
1998 Mercedes-Benz AMG CLK GTR Forza Edition,EXTREME TRACK TOYS,"2,250,000",Wheelspin,S2,998,RWD,7.8,10,8.2,9,10,3.7,info_not_found,info_not_found,info_not_found,info_not_found,Season Event,Festival Playlist,"1,000","2,315"
2011 Mercedes-Benz SLS AMG,SUPER GT,"200,000",Autoshow,S1,804,RWD,7.6,6.5,5.8,6.2,6.4,4.4,info_not_found,info_not_found,info_not_found,info_not_found,Wheelspin,Accolade,571,"3,571"
2012 Mercedes-Benz C 63 AMG Coupé Black Series,SUPER SALOONS,"150,000",Autoshow,A,768,RWD,7.6,6.1,5.1,5.3,4.9,4.6,info_not_found,info_not_found,info_not_found,info_not_found,Wheelspin,info_not_found,510,"3,854"
2012 Mercedes-Benz SLK 55 AMG,MODERN SPORTS CARS,"78,000",Autoshow,A,740,RWD,7.3,5.9,5.4,5.7,4.5,4.8,198.2 Mph,4.5s,10.4s,0.95 g,Wheelspin,info_not_found,415,"3,527"
2013 Mercedes-Benz A 45 AMG,SUPER HOT HATCH,"65,000",Autoshow,A,707,AWD,6.7,6.2,6.6,4.5,4.4,5.1,183.9 Mph,4.3s,10.6s,0.93 g,Wheelspin,info_not_found,355,"3,263"
2013 Mercedes-Benz E 63 AMG,SUPER SALOONS,"105,000",Autoshow,A,751,AWD,7.7,6,7,7.8,4.5,5.2,info_not_found,info_not_found,info_not_found,info_not_found,Wheelspin,Accolade,577,"4,277"
2013 Mercedes-Benz G 65 AMG,PICK-UP & 4X4'S,"350,000",Autoshow,B,639,AWD,5.9,3.2,6.6,8,3.2,8,info_not_found,info_not_found,info_not_found,info_not_found,Wheelspin,Accolade,603,"5,688"
2014 Mercedes-Benz G 63 AMG 6x6,PICK-UP & 4X4'S,"525,000",Autoshow,B,606,AWD,5.6,3.6,4,6.6,4.1,9.3,154.5 Mph,7.8s,21.4s,0.90 g,Wheelspin,Festival Playlist,536,"9,050"
2014 Mercedes-Benz Unimog U5023,TRUCKS,"100,000",Autoshow,D,103,AWD,2.8,3.3,1.3,3,2.7,8.7,info_not_found,info_not_found,info_not_found,info_not_found,Wheelspin,info_not_found,228,"15,432"
2015 Mercedes-Benz #24 Tankpool24 Racing Truck,TRUCKS,"500,000",Autoshow,A,702,RWD,5.1,5.6,5.4,5.8,5,5,info_not_found,info_not_found,info_not_found,info_not_found,Wheelspin,info_not_found,"1,080","12,125"
2015 Mercedes-Benz #24 Tankpool24 Racing Truck Forza Edition,UNLIMITED OFFROAD,"750,000",Wheelspin,A,800,AWD,6.1,3.3,8.8,10,5.3,9.7,info_not_found,info_not_found,info_not_found,info_not_found,Season Event,Festival Playlist,"1,743","3,685"
2018 Mercedes-Benz X-Class,PICK-UP & 4X4'S,"65,000",Autoshow,D,368,AWD,4.2,3.2,2.4,4.2,2.8,7.8,info_not_found,info_not_found,info_not_found,info_not_found,Wheelspin,info_not_found,188,"4,764"
1970 Mercury Cyclone Spoiler,CLASSIC MUSCLE,0,Autoshow,D,491,RWD,5.8,3.6,3.1,2.8,2.2,4.9,info_not_found,info_not_found,info_not_found,info_not_found,info_not_found,info_not_found,370,"3,947"
1971 Meyers Manx,CULT CARS,"35,000",Wheelspin,D,291,RWD,3.1,4.3,2.9,5.3,2.6,5.9,info_not_found,info_not_found,info_not_found,info_not_found,Season Event,Festival Playlist,60,"1,235"
1971 Meyers Manx Forza Edition,TRACK TOYS,"500,000",Wheelspin,A,800,RWD,5.2,6.8,8.2,9.3,7.7,3.8,info_not_found,info_not_found,info_not_found,info_not_found,Season Event,Festival Playlist,250,"1,102"
1986 MG Metro 6R4,RALLY MONSTERS,"125,000",Wheelspin,S1,811,AWD,4.6,5.9,8.8,8.2,5.8,7.5,info_not_found,info_not_found,info_not_found,info_not_found,Accolade,info_not_found,410,"2,271"
1965 Mini Cooper S,CLASSIC RALLY,"30,000",Autoshow,D,281,FWD,3.6,3.2,2.6,2.7,2,4.1,info_not_found,info_not_found,info_not_found,info_not_found,Accolade,info_not_found,75,"1,480"
2009 Mini John Cooper Works,HOT HATCH,"25,000",Autoshow,C,598,FWD,5.4,5,4.1,4.1,3.8,4.7,info_not_found,info_not_found,info_not_found,info_not_found,Wheelspin,info_not_found,208,"2,701"
2012 Mini John Cooper Works GP,HOT HATCH,"38,000",Autoshow,B,628,FWD,5.4,4.9,4.2,4.3,3.7,4.6,info_not_found,info_not_found,info_not_found,info_not_found,Wheelspin,info_not_found,215,"2,557"
2013 Mini X-Raid ALL4 Racing Countryman,OFFROAD,"250,000",Wheelspin,B,632,AWD,3.3,4.7,5.2,8.4,4.1,8.1,info_not_found,info_not_found,info_not_found,info_not_found,Season Event,Festival Playlist,307,"4,299"
2018 Mini John Cooper Works Countryman ALL4,SPORTS UTILITY HEROES,"38,500",Autoshow,C,537,AWD,5.1,5,3.8,5.3,3,5.7,info_not_found,info_not_found,info_not_found,info_not_found,Wheelspin,info_not_found,228,"3,653"
2018 Mini X-Raid John Cooper Works Buggy,OFFROAD,"250,000",Autoshow,B,632,RWD,4.5,3.7,4.9,6.6,4.9,10,info_not_found,info_not_found,info_not_found,info_not_found,Wheelspin,info_not_found,340,"4,328"
1988 Mitsubishi Starion ESI-R,RETRO SPORTS CARS,"20,000",Autoshow,C,549,RWD,5.2,5,4.2,3.5,2.9,5.3,info_not_found,info_not_found,info_not_found,info_not_found,Wheelspin,info_not_found,188,"3,087"
1995 Mitsubishi Eclipse GSX,RETRO SPORTS CARS,"25,000",Autoshow,C,543,AWD,5.9,4.8,3.9,3.2,2.8,5.4,info_not_found,info_not_found,info_not_found,info_not_found,Wheelspin,info_not_found,210,"3,199"
1997 Mitsubishi GTO,RETRO SPORTS CARS,"20,000",Autoshow,B,610,AWD,6.1,5.1,4.5,3.6,3.4,5.5,info_not_found,info_not_found,info_not_found,info_not_found,Wheelspin,info_not_found,320,"3,704"
1999 Mitsubishi Lancer Evolution VI GSR,RETRO RALLY,"28,000",Autoshow,B,659,AWD,5.6,5.3,5.6,3.8,3.7,5.5,info_not_found,info_not_found,info_not_found,info_not_found,Wheelspin,info_not_found,280,"2,822"
2004 Mitsubishi Lancer Evolution VIII MR,MODERN RALLY,"31,000",Autoshow,B,664,AWD,6.2,5.4,5.7,3.1,3.6,5.7,info_not_found,info_not_found,info_not_found,info_not_found,Wheelspin,info_not_found,305,"3,109"
2006 Mitsubishi Lancer Evolution IX MR,MODERN RALLY,"27,000",Autoshow,B,632,AWD,5.9,5.4,4.7,2.4,3.6,5.6,info_not_found,info_not_found,info_not_found,info_not_found,Wheelspin,info_not_found,286,"3,285"
2008 Mitsubishi Lancer Evolution X GSR,MODERN RALLY,"43,000",Autoshow,B,649,AWD,5.7,5.5,5.1,2.9,3.7,5.7,info_not_found,info_not_found,info_not_found,info_not_found,Wheelspin,Accolade,305,"3,395"
"2008 Mitsubishi Lancer Evolution X GSR ""Welcome Pack""",MODERN RALLY,"43,000",Autoshow,A,800,AWD,7.1,5.8,9.2,4.6,4.1,8.1,info_not_found,info_not_found,info_not_found,info_not_found,info_not_found,info_not_found,583,"3,395"
2014 Morgan 3 Wheeler,CULT CARS,"50,000",Autoshow,D,488,RWD,4,3.2,3.3,3.2,2.9,4.2,info_not_found,info_not_found,info_not_found,info_not_found,Wheelspin,info_not_found,82,"1,200"
1953 Morris Minor 1000 Forza Edition,TRACK TOYS,"500,000",Wheelspin,A,800,RWD,4.9,6.4,5.9,6.3,6.4,2.9,info_not_found,info_not_found,info_not_found,info_not_found,Season Event,Festival Playlist,308,"1,433"
1958 Morris Minor 1000,CULT CARS,"20,000",Autoshow,D,100,RWD,2.7,4,1.6,2.1,1.9,5.6,info_not_found,info_not_found,info_not_found,info_not_found,Wheelspin,info_not_found,37,"1,764"
2010 Mosler MT900S,EXTREME TRACK TOYS,"320,000",Autoshow,S2,919,RWD,8.2,9.8,7.4,8.1,8.4,4.7,info_not_found,info_not_found,info_not_found,info_not_found,Wheelspin,info_not_found,530,"2,480"
1933 Napier Napier-Railton,VINTAGE RACERS,"1,500,000",Autoshow,B,603,RWD,6.5,4.1,3.7,3.6,3.1,4.4,info_not_found,info_not_found,info_not_found,info_not_found,Wheelspin,info_not_found,564,"4,518"
1969 Nissan Fairlady Z 432,CLASSIC SPORTS CARS,"150,000",Car Collection,D,482,RWD,4.4,4.7,3.6,2.4,2.7,5.2,info_not_found,info_not_found,info_not_found,info_not_found,info_not_found,info_not_found,160,"2,308"
1971 Nissan Skyline 2000GT-R,CLASSIC SPORTS CARS,"60,000",Autoshow,D,493,RWD,4.7,4.4,3.6,2.5,2.6,5,132.2 Mph,7.0s,20.0s,0.79 g,Wheelspin,info_not_found,160,"2,425"
1973 Nissan Skyline H/T 2000GT-R,CLASSIC SPORTS CARS,"170,000",Autoshow,C,518,RWD,4.7,4.5,3.4,2.2,3,5.8,info_not_found,info_not_found,info_not_found,info_not_found,Wheelspin,info_not_found,158,"2,524"
1987 Nissan Skyline GTS-R (HR31),RETRO SPORTS CARS,"100,000",Autoshow,C,543,RWD,5.7,4.7,4,2.5,2.7,4.9,info_not_found,info_not_found,info_not_found,info_not_found,Wheelspin,Accolade,206,"2,965"
1990 Nissan Pulsar GTI-R,RETRO RALLY,"20,000",Autoshow,C,594,AWD,5.4,4.8,5.5,3.4,2.9,5.1,info_not_found,info_not_found,info_not_found,info_not_found,Wheelspin,info_not_found,227,"2,734"
1992 Nissan Silvia CLUB K's,RETRO SPORTS CARS,"25,000",Autoshow,C,537,RWD,5.5,4.7,3.8,3.5,2.7,4.8,info_not_found,info_not_found,info_not_found,info_not_found,Wheelspin,info_not_found,202,"2,535"
1993 Nissan 240SX SE,RETRO SPORTS CARS,"25,000",Autoshow,D,445,RWD,5.1,4.6,3.3,2.5,2.5,5.3,137.5 Mph,8.4s,25.0s,0.82 g,Wheelspin,info_not_found,155,"2,915"
1993 Nissan Skyline GT-R V-Spec,RETRO SPORTS CARS,"85,000",Autoshow,B,626,AWD,5.8,5.7,4.5,2.7,3.6,5.3,info_not_found,info_not_found,info_not_found,info_not_found,Wheelspin,Accolade,320,"3,307"
1994 Nissan Fairlady Z Version S Twin Turbo,RETRO SPORTS CARS,"20,000",Autoshow,B,607,RWD,6,5.2,4.3,2.7,3.2,4.9,info_not_found,info_not_found,info_not_found,info_not_found,Wheelspin,info_not_found,276,"3,351"
1994 Nissan Silvia K's,RETRO SPORTS CARS,"25,000",Autoshow,B,617,RWD,5.8,5.3,4.4,2.7,3.4,5.2,info_not_found,info_not_found,info_not_found,info_not_found,Wheelspin,Accolade,217,"2,789"
1995 Nissan NISMO GT-R LM,RETRO SPORTS CARS,"1,100,000",Autoshow,B,658,RWD,5.9,6.6,4.5,3,4,4,162.4 Mph,5.6s,13.9s,0.97 g,Wheelspin,info_not_found,300,"3,483"
1997 Nissan Skyline GT-R V-Spec,RETRO SPORTS CARS,"37,000",Autoshow,B,635,AWD,6.1,5.7,4.8,2.5,3.7,5.4,info_not_found,info_not_found,info_not_found,info_not_found,Wheelspin,info_not_found,278,"3,393"
1998 Nissan R390 (GT1),RETRO SUPERCARS,"1,250,000",Autoshow,S1,859,RWD,7.1,7.8,6.3,2.5,7.1,3.5,info_not_found,info_not_found,info_not_found,info_not_found,Wheelspin,info_not_found,550,"2,264"
1998 Nissan Silvia K's Aero,RETRO SPORTS CARS,"25,000",Autoshow,B,609,RWD,5.7,5.2,4.4,2.5,3.4,5.3,info_not_found,info_not_found,info_not_found,info_not_found,Wheelspin,info_not_found,217,"2,789"
2000 Nissan Silvia Spec-R,RETRO SPORTS CARS,"35,000",Autoshow,B,632,RWD,5.9,5.4,4.6,2.6,3.7,5.4,info_not_found,info_not_found,info_not_found,info_not_found,Wheelspin,info_not_found,250,"2,734"
2002 Nissan Skyline GT-R V-Spec II,RETRO SPORTS CARS,"63,000",Autoshow,B,657,AWD,6.1,5.6,4.9,2.6,3.6,5.4,info_not_found,info_not_found,info_not_found,info_not_found,Wheelspin,info_not_found,327,"3,439"
2003 Nissan Fairlady Z,RETRO SPORTS CARS,"35,000",Autoshow,B,650,RWD,6.5,5.5,4.6,4,3.5,4.8,info_not_found,info_not_found,info_not_found,info_not_found,Wheelspin,Accolade,287,"3,310"
2003 Nissan Fairlady Z Forza Edition,UNLIMITED OFFROAD,"500,000",Wheelspin,A,800,RWD,5,3,5.4,5.5,6.4,8.3,info_not_found,info_not_found,info_not_found,info_not_found,Season Event,Festival Playlist,542,"2,756"
2004 Nissan Pickup #23 Rally Raid,UNLIMITED OFFROAD,"500,000",Autoshow,C,577,AWD,4.4,5.5,3.1,4.5,4.8,9.9,info_not_found,info_not_found,info_not_found,info_not_found,Wheelspin,info_not_found,268,"4,740"
2010 Nissan 370Z,MODERN SPORTS CARS,"40,000",Autoshow,B,688,RWD,6.6,5.7,4.8,4.6,3.9,4.8,info_not_found,info_not_found,info_not_found,info_not_found,Wheelspin,info_not_found,332,"3,267"
2012 Nissan GT-R Black Edition (R35),MODERN SUPERCARS,"105,000",Autoshow,S1,810,AWD,7.6,6.7,8.5,8.1,5.3,5,212.1 Mph,2.8s,7.0s,1.07 g,Wheelspin,Accolade,542,"3,887"
2016 Nissan Titan Warrior Concept,PICK-UP & 4X4'S,"50,000",Autoshow,D,486,AWD,4.7,3.6,3.2,3.6,3.2,8.9,info_not_found,info_not_found,info_not_found,info_not_found,Wheelspin,info_not_found,310,"7,388"
2017 Nissan GT-R (R35),MODERN SUPERCARS,"132,000",Autoshow,S1,814,AWD,7.5,6.7,8.7,7.8,5.3,4.8,208.9 Mph,2.8s,6.9s,1.07 g,Wheelspin,info_not_found,565,"3,933"
1984 Opel Manta 400,RALLY MONSTERS,"100,000",Autoshow,B,691,RWD,5.8,4.9,4.6,4.8,3.7,6.6,info_not_found,info_not_found,info_not_found,info_not_found,Wheelspin,info_not_found,275,"2,183"
2009 Pagani Zonda Cinque Roadster,HYPERCARS,"2,100,000",Autoshow,S1,896,RWD,7.4,8,6.5,6.9,8.9,4.5,204.4 Mph,3.3s,6.5s,1.22 g,Wheelspin,info_not_found,678,"2,858"
2010 Pagani Zonda R,EXTREME TRACK TOYS,"1,800,000",Autoshow,S2,959,RWD,8,10,7.3,7.9,10,3.9,221.8 Mph,2.8s,5.1s,1.74 g,Wheelspin,info_not_found,739,"2,536"
2016 Pagani Huayra BC,HYPERCARS,"2,700,000",Wheelspin,S2,929,RWD,8.4,9.1,7,7.6,10,4.2,info_not_found,info_not_found,info_not_found,info_not_found,Season Event,Festival Playlist,740,"2,685"
2016 Pagani Huayra BC Forza Edition,EXTREME TRACK TOYS,"2,700,000",Wheelspin,S2,998,RWD,8.1,10,8,8.8,10,3.7,info_not_found,info_not_found,info_not_found,info_not_found,Season Event,Festival Playlist,"1,006","2,425"
1962 Peel P50,CULT CLASSICS,"250,000",Season Event,D,100,RWD,1.2,3,1,2.3,3.9,4.5,info_not_found,info_not_found,info_not_found,info_not_found,Festival Playlist,Forza Shop,4,311
1965 Peel Trident,CULT CLASSICS,"250,000",Season Event,D,100,RWD,1.3,3,1,2.5,2.6,5.5,info_not_found,info_not_found,info_not_found,info_not_found,Festival Playlist,Forza Shop,4,353
2011 Penhall The Cholla,UNLIMITED BUGGIES,"100,000",Autoshow,B,655,RWD,4.1,3.7,5.7,4.8,4.3,10,info_not_found,info_not_found,info_not_found,info_not_found,Wheelspin,info_not_found,196,"2,200"
1984 Peugeot 205 Turbo 16,RETRO RALLY,"200,000",Wheelspin,B,616,AWD,5,5,4.4,1.6,3.6,7.2,info_not_found,info_not_found,info_not_found,info_not_found,Accolade,info_not_found,200,"2,524"
1991 Peugeot 205 Rallye,RETRO HOT HATCH,"20,000",Autoshow,D,462,FWD,4.3,4.4,2.9,3.8,2.5,4.9,120.0 Mph,9.6s,25.0s,0.84 g,Wheelspin,info_not_found,99,"1,742"
2007 Peugeot 207 Super 2000,RALLY MONSTERS,"150,000",Autoshow,A,755,AWD,5.3,6.2,5.9,5.2,5.7,8,info_not_found,info_not_found,info_not_found,info_not_found,Wheelspin,Accolade,280,"2,425"
1971 Plymouth Cuda 426 Hemi,CLASSIC MUSCLE,"160,000",Autoshow,C,547,RWD,5.6,3.7,3.4,3.3,2.4,5.3,info_not_found,info_not_found,info_not_found,info_not_found,Wheelspin,info_not_found,425,"3,880"
2015 Polaris RZR XP 1000 EPS,UTV'S,"25,000",Autoshow,C,501,AWD,3.4,3.5,3.8,3.8,4.4,9,info_not_found,info_not_found,info_not_found,info_not_found,Wheelspin,info_not_found,110,"1,530"
1965 Pontiac GTO,CLASSIC MUSCLE,"48,000",Autoshow,D,484,RWD,4.7,3.2,3.1,2.9,2,5.4,info_not_found,info_not_found,info_not_found,info_not_found,Wheelspin,info_not_found,360,"3,468"
1977 Pontiac Firebird Trans Am,CLASSIC MUSCLE,"45,000",Autoshow,D,418,RWD,5.1,3.9,3.1,2,2.1,5.7,info_not_found,info_not_found,info_not_found,info_not_found,Wheelspin,info_not_found,201,"3,800"
1987 Pontiac Firebird Trans Am GTA,RETRO MUSCLE,"25,000",Autoshow,D,485,RWD,5.5,4.1,3.4,3.1,2.4,4.8,info_not_found,info_not_found,info_not_found,info_not_found,Wheelspin,info_not_found,210,"3,483"
1987 Pontiac Firebird Trans Am GTA Forza Edition,TRACK TOYS,"500,000",Wheelspin,S1,900,RWD,6.9,7.1,5.5,5.8,6.3,3.4,info_not_found,info_not_found,info_not_found,info_not_found,Season Event,Festival Playlist,850,"3,219"
1959 Porsche 356 A 1600 Super,RARE CLASSICS,"240,000",Autoshow,D,241,RWD,3.8,3.7,1.8,2.1,1.8,5.3,info_not_found,info_not_found,info_not_found,info_not_found,Wheelspin,info_not_found,75,"1,931"
1970 Porsche #3 917 LH,CLASSIC RACERS,"15,000,000",Autoshow,S1,856,RWD,8.2,5.9,7.2,7.1,4.9,4,info_not_found,info_not_found,info_not_found,info_not_found,Wheelspin,info_not_found,601,"2,044"
1970 Porsche 914/6,CLASSIC SPORTS CARS,"24,000",Autoshow,D,427,RWD,4.4,4.2,3.4,2.8,2.5,5.2,info_not_found,info_not_found,info_not_found,info_not_found,Wheelspin,info_not_found,125,"2,196"
1973 Porsche 911 Carrera RS,RARE CLASSICS,"350,000",Barn,B,601,RWD,5.2,4.9,5.1,3.7,3.1,5,info_not_found,info_not_found,info_not_found,info_not_found,info_not_found,info_not_found,207,"2,450"
1982 Porsche 911 Turbo 3.3,RETRO SUPERCARS,"150,000",Autoshow,B,666,RWD,5.6,5.2,4.8,2,4.1,5.2,info_not_found,info_not_found,info_not_found,info_not_found,Wheelspin,info_not_found,296,"2,866"
1985 Porsche #185 959 Prodrive Rally Raid,RALLY MONSTERS,"1,500,000",Autoshow,A,742,AWD,6.1,5.4,7.5,6.1,4.3,7.6,info_not_found,info_not_found,info_not_found,info_not_found,Wheelspin,Accolade,394,"3,322"
1987 Porsche 959,RETRO SUPERCARS,"2,000,000",Autoshow,A,764,AWD,7.3,6.2,8.2,4.7,4.9,4.7,200.3 Mph,3.6s,8.2s,1.08 g,Wheelspin,info_not_found,450,"3,190"
1989 Porsche #65 Rothsport Racing 911 'Desert Flyer',RALLY MONSTERS,"500,000",Autoshow,B,694,RWD,4.8,5,5.7,4.8,4.1,8.5,info_not_found,info_not_found,info_not_found,info_not_found,Wheelspin,info_not_found,325,"2,840"
1989 Porsche 944 Turbo,RETRO SPORTS CARS,"35,000",Autoshow,B,651,RWD,5.8,5.3,4.9,2.6,4.1,5.3,info_not_found,info_not_found,info_not_found,info_not_found,Wheelspin,info_not_found,247,"3,115"
1993 Porsche 968 Turbo S,RETRO SPORTS CARS,"140,000",Autoshow,A,701,RWD,6.2,5.2,5.3,4.5,4.1,4.8,info_not_found,info_not_found,info_not_found,info_not_found,Wheelspin,info_not_found,305,"2,866"
1995 Porsche 911 GT2,RETRO SUPERCARS,"550,000",Autoshow,A,753,RWD,6.5,6.3,6.7,5.7,5.3,4.5,180.3 Mph,3.9s,8.7s,1.10 g,Wheelspin,info_not_found,424,"2,855"
1998 Porsche 911 GT1 Strassenversion,RETRO SUPERCARS,"2,500,000",Autoshow,S1,840,RWD,7.2,7.9,6,6.3,8.7,3.9,info_not_found,info_not_found,info_not_found,info_not_found,Wheelspin,Forza Shop,536,"2,646"
2003 Porsche Carrera GT,RETRO SUPERCARS,"1,000,000",Autoshow,S1,845,RWD,7.6,7.1,6.6,7.2,7.5,4.5,info_not_found,info_not_found,info_not_found,info_not_found,Wheelspin,info_not_found,605,"3,258"
2004 Porsche 911 GT3,RETRO SUPERCARS,"65,000",Autoshow,A,778,RWD,7.1,6.9,6.4,5.7,5.3,4.8,info_not_found,info_not_found,info_not_found,info_not_found,Wheelspin,info_not_found,381,"3,160"
2012 Porsche 911 GT2 RS,TRACK TOYS,"240,000",Autoshow,S1,860,RWD,7.7,7.6,8,6.3,7.7,4.6,info_not_found,info_not_found,info_not_found,info_not_found,Wheelspin,Accolade,611,"3,020"
2014 Porsche 911 Turbo S,MODERN SUPERCARS,"150,000",Autoshow,S1,808,AWD,7.9,6.6,8.3,9.3,6.7,4.6,215.6 Mph,2.6s,6.8s,1.09 g,Wheelspin,info_not_found,560,"3,607"
2014 Porsche 918 Spyder,HYPERCARS,"850,000",Autoshow,S2,920,AWD,8.8,8.9,10,10,9.3,4.6,info_not_found,info_not_found,info_not_found,info_not_found,Wheelspin,Accolade,887,"3,692"
2015 Porsche Cayman GTS,MODERN SPORTS CARS,"80,000",Autoshow,A,767,RWD,6.6,6.4,6.1,6.2,5.2,4.6,info_not_found,info_not_found,info_not_found,info_not_found,Wheelspin,info_not_found,340,"2,965"
2016 Porsche 911 GT3 RS,TRACK TOYS,"235,000",Autoshow,S1,864,RWD,7.8,8.3,7.4,7.8,8,4.5,info_not_found,info_not_found,info_not_found,info_not_found,Wheelspin,info_not_found,493,"3,131"
2016 Porsche Cayman GT4,TRACK TOYS,"85,000",Autoshow,S1,819,RWD,7,8.1,6.8,6.6,7.6,4.2,info_not_found,info_not_found,info_not_found,info_not_found,Wheelspin,info_not_found,385,"2,955"
2017 Porsche Panamera Turbo,SUPER SALOONS,"150,000",Autoshow,A,767,AWD,7.6,6.3,7.1,8.2,6.1,5.1,info_not_found,info_not_found,info_not_found,info_not_found,Wheelspin,info_not_found,550,"4,398"
2018 Porsche 718 Cayman GTS,MODERN SPORTS CARS,"90,000",Autoshow,A,785,RWD,6.8,7.3,6.4,7,5.6,4.4,info_not_found,info_not_found,info_not_found,info_not_found,Wheelspin,info_not_found,361,"3,135"
2018 Porsche 911 GT2 RS,TRACK TOYS,"315,000",Autoshow,S1,888,RWD,8,8.6,7.5,8.3,8.3,4.2,info_not_found,info_not_found,info_not_found,info_not_found,Wheelspin,info_not_found,691,"3,197"
2018 Porsche Cayenne Turbo,SPORTS UTILITY HEROES,"220,000",Autoshow,A,744,AWD,6.7,5.3,7.4,9.8,6,5.9,info_not_found,info_not_found,info_not_found,info_not_found,Wheelspin,Accolade,550,"4,795"
2018 Porsche Macan LPR Rally Raid,OFFROAD,"250,000",Wheelspin,B,637,AWD,5.1,3.9,4.7,4.6,4.7,10,info_not_found,info_not_found,info_not_found,info_not_found,Season Event,Festival Playlist,360,"4,899"
2019 Porsche 911 Carrera S,MODERN SPORTS CARS,"105,000",Autoshow,S1,819,RWD,7.4,7.4,6.4,6.9,7.9,4.5,info_not_found,info_not_found,info_not_found,info_not_found,Wheelspin,info_not_found,444,"3,340"
2019 Porsche 911 GT3 RS,TRACK TOYS,"255,000",Autoshow,S1,860,RWD,7.2,8.4,7.4,7.6,8.2,4.4,198.8 Mph,3.0s,6.9s,1.28 g,Wheelspin,info_not_found,514,"3,153"
2019 Porsche 911 GT3 RS Forza Edition,RALLY MONSTERS,"255,000",Car Collection,S1,900,AWD,7,7,10,10,7.8,8.1,info_not_found,info_not_found,info_not_found,info_not_found,info_not_found,info_not_found,600,"2,844"
2019 Porsche Macan Turbo,SPORTS UTILITY HEROES,"135,000",Autoshow,B,695,AWD,6.2,4.9,5.8,9.4,4,6.3,info_not_found,info_not_found,info_not_found,info_not_found,Wheelspin,Accolade,434,"4,277"
2020 Porsche Taycan Turbo S,SUPER SALOONS,"185,000",Autoshow,S1,807,AWD,6.1,5.7,8.5,9.6,6,4.4,info_not_found,info_not_found,info_not_found,info_not_found,Wheelspin,Accolade,752,"5,121"
"2020 Porsche Taycan Turbo S ""Welcome Pack""",SUPER SALOONS,"185,000",Autoshow,S1,900,AWD,10,7.8,9.7,10,7.2,4.4,info_not_found,info_not_found,info_not_found,info_not_found,info_not_found,info_not_found,902,"3,858"
2015 Radical RXC Turbo,EXTREME TRACK TOYS,"330,000",Wheelspin,S2,928,RWD,7,9.6,7.1,5.8,9,4,info_not_found,info_not_found,info_not_found,info_not_found,Season Event,Festival Playlist,454,"2,072"
2019 RAESR Tachyon Speed,HYPERCARS,"1,050,000",Season Event,S2,983,AWD,8.5,9.1,5.3,5.7,8.9,4.6,0.0 Mph,3.0s,5.1s,1.35 g,Festival Playlist,Forza Shop,"1,251","3,200"
2017 RAM 2500 Power Wagon,PICK-UP & 4X4'S,"41,000",Autoshow,D,467,AWD,5.2,3.3,2.8,1.8,2.8,8.9,info_not_found,info_not_found,info_not_found,info_not_found,Wheelspin,info_not_found,410,"7,044"
1972 Reliant Supervan III,CULT CARS,"35,000",Autoshow,D,100,RWD,2.6,3.4,2.2,4.5,2,5.6,info_not_found,info_not_found,info_not_found,info_not_found,Wheelspin,info_not_found,32,"1,004"
1967 Renault 8 Gordini,CLASSIC RALLY,0,Autoshow,D,435,RWD,4,4.4,3.5,2.8,2.9,5.9,info_not_found,info_not_found,info_not_found,info_not_found,info_not_found,info_not_found,103,"1,885"
1968 Renault 4L Export,CULT CARS,"20,000",Barn,D,100,FWD,2.2,3.5,1.5,2.3,2,5.8,64.6 Mph,30.1s,??s,0.68 g,info_not_found,info_not_found,27,"1,310"
1980 Renault 5 Turbo,RETRO RALLY,"120,000",Autoshow,C,521,RWD,4.6,4.3,4.6,3.4,2.9,6,127.6 Mph,6.7s,19.3s,0.86 g,Wheelspin,Accolade,157,"2,138"
1993 Renault Clio Williams,RETRO HOT HATCH,"30,000",Autoshow,C,511,FWD,4.7,4.8,4,3.1,2.9,4.8,info_not_found,info_not_found,info_not_found,info_not_found,Wheelspin,info_not_found,142,"2,233"
2008 Renault Mégane R26.R,SUPER HOT HATCH,"28,000",Autoshow,B,678,FWD,5.4,6,4.8,4,5.2,4.7,151.1 Mph,5.9s,14.3s,0.97 g,Wheelspin,info_not_found,227,"2,712"
2013 Renault Clio R.S. 200 EDC,HOT HATCH,"29,000",Autoshow,C,595,FWD,5.1,5.1,4.4,4.5,3.6,4.9,info_not_found,info_not_found,info_not_found,info_not_found,Wheelspin,info_not_found,197,"2,685"
2018 Renault MEGANE R.S.,SUPER HOT HATCH,"37,000",Autoshow,B,670,FWD,5.7,6,4.5,4.6,4.4,5,info_not_found,info_not_found,info_not_found,info_not_found,Wheelspin,Accolade,275,"3,153"
2019 Rimac Concept Two,HYPERCARS,"2,000,000",Autoshow,S2,963,AWD,9.1,7.5,9.9,10,9.3,3.8,261.3 Mph,1.9s,4.3s,1.25 g,Wheelspin,info_not_found,"1,887","4,299"
2016 RJ Anderson #37 Polaris RZR-Rockstar Energy Pro 2 Truck,UNLIMITED OFFROAD,"500,000",Autoshow,A,776,RWD,5.9,3.7,4.5,4.2,5.1,9.9,158.1 Mph,4.4s,8.5s,0.95 g,Wheelspin,info_not_found,850,"3,750"
2004 Saleen S7,RETRO SUPERCARS,"388,000",Wheelspin,S1,855,RWD,7.9,7.4,7.1,7,6.7,4.7,info_not_found,info_not_found,info_not_found,info_not_found,Season Event,Festival Playlist,575,"2,756"
2018 Saleen S1,MODERN SUPERCARS,"200,000",Autoshow,S1,821,RWD,6.5,7.2,7.2,5.9,6.3,4.7,info_not_found,info_not_found,info_not_found,info_not_found,Wheelspin,info_not_found,450,"2,685"
1965 Shelby Cobra 427 S/C,RARE CLASSICS,"2,100,000",Autoshow,B,694,RWD,5.9,4.1,4.5,4.6,3.2,4.5,info_not_found,info_not_found,info_not_found,info_not_found,Wheelspin,info_not_found,425,"2,350"
1965 Shelby Cobra Daytona Coupe,CLASSIC RACERS,"30,000,000",Autoshow,B,637,RWD,6.7,3.9,3.7,2.9,2.8,4.7,info_not_found,info_not_found,info_not_found,info_not_found,Wheelspin,Accolade,390,"2,300"
2021 SIERRA Cars RX3,UTV'S,"45,000",Autoshow,A,737,RWD,4.3,5.1,6.4,7.1,5.9,7.7,info_not_found,info_not_found,info_not_found,info_not_found,Accolade,info_not_found,194,925
1998 Subaru Impreza 22B-STi Version,RETRO RALLY,"110,000",Wheelspin,B,640,AWD,5.6,5.5,5,3.2,3.6,5.3,info_not_found,info_not_found,info_not_found,info_not_found,Season Event,Festival Playlist,276,"2,800"
2004 Subaru IMPREZA WRX STi,MODERN RALLY,"28,000",Autoshow,B,652,AWD,5.9,5.3,6,3.6,3.6,5.6,info_not_found,info_not_found,info_not_found,info_not_found,Wheelspin,info_not_found,278,"3,270"
2005 Subaru IMPREZA WRX STI,MODERN RALLY,"51,000",Autoshow,B,669,AWD,6.2,5.3,6.3,3.2,3.6,5.7,168.5 Mph,4.5s,12.1s,0.91 g,Wheelspin,info_not_found,311,"3,315"
2008 Subaru IMPREZA WRX STI,MODERN RALLY,"31,000",Autoshow,B,649,AWD,5.7,5.5,5.4,3.8,3.7,5.6,info_not_found,info_not_found,info_not_found,info_not_found,Wheelspin,info_not_found,305,"3,395"
2011 Subaru WRX STI,MODERN RALLY,"33,000",Autoshow,B,668,AWD,6,5.7,5.1,2.8,3.9,5.9,info_not_found,info_not_found,info_not_found,info_not_found,Wheelspin,info_not_found,305,"3,384"
2013 Subaru BRZ,MODERN SPORTS CARS,"32,000",Autoshow,C,581,RWD,5.7,5.1,4.2,3.6,3.1,4.8,info_not_found,info_not_found,info_not_found,info_not_found,Wheelspin,info_not_found,200,"2,764"
2015 Subaru WRX STI,MODERN RALLY,"42,000",Autoshow,B,675,AWD,6,5.7,5.5,3.1,3.9,5.6,info_not_found,info_not_found,info_not_found,info_not_found,Wheelspin,info_not_found,305,"3,386"
2019 Subaru STI 209,MODERN RALLY,"42,000",Autoshow,B,689,AWD,6,5.9,5.8,3.1,4.4,5.4,info_not_found,info_not_found,info_not_found,info_not_found,info_not_found,info_not_found,341,"3,485"
1969 Toyota 2000GT,RARE CLASSICS,"750,000",Autoshow,D,487,RWD,5.1,4.3,3.7,2.7,2.6,5,info_not_found,info_not_found,info_not_found,info_not_found,Wheelspin,info_not_found,150,"2,550"
1974 Toyota Celica GT,CLASSIC SPORTS CARS,"20,000",Autoshow,D,315,RWD,4,3.8,2.7,2.5,2,4.9,info_not_found,info_not_found,info_not_found,info_not_found,Wheelspin,info_not_found,97,"2,392"
1979 Toyota FJ40,PICK-UP & 4X4'S,"55,000",Autoshow,D,269,AWD,3.4,3,2.4,3.4,2.3,7.5,info_not_found,info_not_found,info_not_found,info_not_found,Wheelspin,info_not_found,135,"3,417"
1985 Toyota Sprinter Trueno GT Apex,RETRO SPORTS CARS,"20,000",Wheelspin,D,480,RWD,4.5,4.3,4,3.4,2.6,5.2,info_not_found,info_not_found,info_not_found,info_not_found,Season Event,Festival Playlist,128,"2,094"
1989 Toyota MR2 SC,RETRO SPORTS CARS,"20,000",Autoshow,C,502,RWD,5.1,4.7,3.8,3.3,2.8,5.4,info_not_found,info_not_found,info_not_found,info_not_found,Wheelspin,info_not_found,145,"2,620"
1992 Toyota Celica GT-Four RC ST185,RETRO RALLY,"25,000",Autoshow,C,544,AWD,5.8,4.5,4.7,2.9,2.7,5.5,info_not_found,info_not_found,info_not_found,info_not_found,Wheelspin,Accolade,232,"3,219"
1992 Toyota Supra 2.0 GT,RETRO SPORTS CARS,"20,000",Autoshow,C,558,RWD,5.4,5.1,4.1,2.7,3,5.1,info_not_found,info_not_found,info_not_found,info_not_found,Wheelspin,info_not_found,206,"3,329"
1993 Toyota #1 T100 Baja Truck,UNLIMITED OFFROAD,"500,000",Barn,B,693,RWD,4.7,3.7,5.9,6,4.7,10,130.6 Mph,5.2s,14.9s,0.93 g,info_not_found,info_not_found,360,"4,000"
1994 Toyota Celica GT-Four ST205,RETRO RALLY,"20,000",Wheelspin,C,590,AWD,6.1,4.9,5.1,2.9,3,5.3,info_not_found,info_not_found,info_not_found,info_not_found,Accolade,info_not_found,255,"3,175"
1998 Toyota Supra RZ,RETRO SPORTS CARS,"38,000",Autoshow,B,646,RWD,6.4,5.4,4.6,3.1,3.5,4.7,info_not_found,info_not_found,info_not_found,info_not_found,Accolade,info_not_found,320,"3,329"
"1998 Toyota Supra RZ ""Welcome Pack""",RETRO SPORTS CARS,"38,000",Autoshow,A,800,RWD,7.5,6.7,5.9,4.3,5.8,4.1,info_not_found,info_not_found,info_not_found,info_not_found,info_not_found,info_not_found,505,"3,252"
2003 Toyota Celica SS-1,RETRO SPORTS CARS,"250,000",Season Event,C,557,FWD,5.5,4.8,3.8,3,3,5.2,147.8 Mph,6.8s,18.2s,0.89 g,Festival Playlist,Forza Shop,187,"2,560"
2007 Toyota Hilux Arctic Trucks AT38,PICK-UP & 4X4'S,"250,000",Season Event,D,457,AWD,4,4.1,2.7,2.6,2.9,9.4,info_not_found,info_not_found,info_not_found,info_not_found,Festival Playlist,Forza Shop,169,"4,740"
2013 Toyota 86,MODERN SPORTS CARS,"28,800",Autoshow,C,579,RWD,5.5,5.2,4.2,3.6,3.2,4.8,info_not_found,info_not_found,info_not_found,info_not_found,Wheelspin,info_not_found,197,"2,734"
2016 Toyota Land Cruiser Arctic Trucks AT37,PICK-UP & 4X4'S,"250,000",Season Event,D,404,AWD,4.1,3.8,2.5,2.2,2.7,9.5,info_not_found,info_not_found,info_not_found,info_not_found,Festival Playlist,Forza Shop,161,"4,993"
2020 Toyota GR Supra,MODERN SPORTS CARS,"55,000",Autoshow,A,731,RWD,6.2,6.1,5.5,5.8,4.6,4.8,info_not_found,info_not_found,info_not_found,info_not_found,Other,info_not_found,335,"3,397"
1998 TVR Cerbera Speed 12,RETRO SUPERCARS,"500,000",Autoshow,S1,861,RWD,8.7,6.7,5.4,5.7,6.6,3.4,239.5 Mph,3.5s,6.0s,1.22 g,Wheelspin,Accolade,800,"2,150"
2005 TVR Sagaris,RETRO SPORTS CARS,"86,000",Autoshow,A,779,RWD,6.7,6.2,5.3,5.5,5,4.3,info_not_found,info_not_found,info_not_found,info_not_found,Wheelspin,Accolade,406,"2,377"
2018 TVR Griffith,MODERN SPORTS CARS,"105,000",Autoshow,S1,825,RWD,7.2,7.7,5.9,6.3,6.9,4.2,info_not_found,info_not_found,info_not_found,info_not_found,Wheelspin,info_not_found,480,"2,645"
2015 Ultima Evolution Coupe 1020,EXTREME TRACK TOYS,"300,000",Autoshow,S2,961,RWD,8.8,9.5,7.7,8.4,7.9,3.9,info_not_found,info_not_found,info_not_found,info_not_found,Wheelspin,info_not_found,"1,020","2,094"
1990 Vauxhall Lotus Carlton,RETRO SALOONS,"250,000",Season Event,B,635,RWD,6.6,4.7,4.1,2.4,3.2,4.7,info_not_found,info_not_found,info_not_found,info_not_found,Festival Playlist,Forza Shop,379,"3,642"
2005 Vauxhall Monaro VXR,MODERN MUSCLE,"25,000",Autoshow,B,696,RWD,7.1,5.6,4.9,4.1,4.3,5.2,info_not_found,info_not_found,info_not_found,info_not_found,Wheelspin,info_not_found,398,"3,697"
2016 Vauxhall Corsa VXR,HOT HATCH,"28,000",Autoshow,C,584,FWD,5.1,5.3,3.3,4.2,3.6,4.7,info_not_found,info_not_found,info_not_found,info_not_found,Wheelspin,info_not_found,202,"2,851"
1963 Volkswagen Beetle,CULT CARS,"20,000",Accolade,D,100,RWD,2.9,3.7,1.7,2.9,1.9,5.7,info_not_found,info_not_found,info_not_found,info_not_found,info_not_found,info_not_found,40,"1,760"
1963 Volkswagen Beetle Forza Edition,TRACK TOYS,"500,000",Accolade,S1,900,RWD,6.1,8.8,8,8.8,10,4.4,info_not_found,info_not_found,info_not_found,info_not_found,info_not_found,info_not_found,329,"1,543"
1963 Volkswagen Type 2 De Luxe,CULT CARS,"40,000",Autoshow,D,100,RWD,2.6,3.6,1.5,3,2,5.7,info_not_found,info_not_found,info_not_found,info_not_found,info_not_found,info_not_found,50,"2,513"
1969 Volkswagen Class 5/1600 Baja Bug,BUGGIES,"60,000",Autoshow,D,349,RWD,3.5,4.6,2.5,4.7,3.1,7.7,info_not_found,info_not_found,info_not_found,info_not_found,Wheelspin,info_not_found,80,"2,400"
1970 Volkswagen #1107 Desert Dingo Racing Stock Bug,BUGGIES,"25,000",Autoshow,D,371,RWD,3.8,3.4,2.8,2.9,2.3,8.5,info_not_found,info_not_found,info_not_found,info_not_found,Wheelspin,info_not_found,93,"2,165"
1981 Volkswagen Scirocco S,RETRO HOT HATCH,"20,000",Autoshow,D,293,FWD,3.7,4.3,2.5,2.8,2.1,4.9,info_not_found,info_not_found,info_not_found,info_not_found,Wheelspin,info_not_found,74,"2,015"
1983 Volkswagen Golf GTI,RETRO HOT HATCH,"20,000",Autoshow,D,428,FWD,4.2,3.9,3.5,3.3,2.4,5,info_not_found,info_not_found,info_not_found,info_not_found,Wheelspin,info_not_found,112,"1,909"
1992 Volkswagen Golf Gti 16v Mk2,RETRO HOT HATCH,"20,000",Autoshow,D,429,FWD,4.6,4.4,3.4,2.5,2.4,4.9,info_not_found,info_not_found,info_not_found,info_not_found,Wheelspin,info_not_found,139,"2,425"
1995 Volkswagen Corrado VR6,RETRO HOT HATCH,"20,000",Autoshow,C,533,FWD,5.4,4.8,3.6,3.3,2.8,5,148.2 Mph,7.3s,19.1s,0.86 g,Wheelspin,info_not_found,178,"2,734"
1998 Volkswagen GTI VR6 Mk3,RETRO HOT HATCH,"25,000",Autoshow,C,510,FWD,5.1,4.6,3.7,2.8,2.8,5.1,info_not_found,info_not_found,info_not_found,info_not_found,Wheelspin,info_not_found,172,"2,800"
2003 Volkswagen Golf R32,HOT HATCH,"20,000",Autoshow,B,618,AWD,5.6,5.3,5,5.4,3.6,5.4,info_not_found,info_not_found,info_not_found,info_not_found,Wheelspin,info_not_found,241,"3,256"
2010 Volkswagen Golf R,SUPER HOT HATCH,"64,000",Autoshow,B,645,AWD,5.8,5.7,5,3.2,3.5,5.5,info_not_found,info_not_found,info_not_found,info_not_found,Wheelspin,info_not_found,267,"3,188"
2011 Volkswagen Scirocco R,HOT HATCH,"45,000",Autoshow,B,663,FWD,5.8,5.5,4.6,4.8,4,4.9,info_not_found,info_not_found,info_not_found,info_not_found,Wheelspin,info_not_found,261,"2,963"
2014 Volkswagen Golf R,SUPER HOT HATCH,"50,000",Autoshow,B,663,AWD,5.9,5.9,5.8,6.3,3.8,5.5,info_not_found,info_not_found,info_not_found,info_not_found,Wheelspin,info_not_found,296,"3,254"
2017 Volkswagen #34 Volkswagen Andretti Rallycross Beetle,RALLY MONSTERS,"500,000",Autoshow,S1,851,AWD,4.8,5.6,9.2,4.6,5.9,7.6,136.4 Mph,2.3s,5.3s,1.17 g,Wheelspin,info_not_found,553,"2,668"
1983 Volvo 242 Turbo Evolution,CLASSIC RALLY,"45,000",Autoshow,C,548,RWD,5,4,4,3.6,3.1,5.5,info_not_found,info_not_found,info_not_found,info_not_found,Wheelspin,info_not_found,225,"3,175"
1997 Volvo 850 R,RETRO SALOONS,"25,000",Autoshow,C,511,FWD,5.8,4.3,3.3,2.6,2.5,5,info_not_found,info_not_found,info_not_found,info_not_found,Wheelspin,info_not_found,240,"3,230"
2015 Volvo V60 Polestar,SUPER SALOONS,"62,000",Autoshow,B,662,AWD,6.1,5.9,5.5,3.6,3.9,5.1,info_not_found,info_not_found,info_not_found,info_not_found,Wheelspin,Accolade,346,"3,985"
2017 VUHL 05RR,TRACK TOYS,"100,000",Autoshow,S1,886,RWD,6.8,8.6,8.5,9.2,7.8,3.7,info_not_found,info_not_found,info_not_found,info_not_found,Wheelspin,info_not_found,385,"1,598"
1945 WILLYS MB Jeep,PICK-UP & 4X4'S,"40,000",Autoshow,D,198,AWD,2.6,3.7,2,3.3,2.1,7.1,info_not_found,info_not_found,info_not_found,info_not_found,Wheelspin,info_not_found,60,"2,137"
2019 Zenvo TSR-S,HYPERCARS,"1,200,000",Autoshow,S2,927,RWD,9,8.7,6.7,7.2,9.6,4,info_not_found,info_not_found,info_not_found,info_not_found,Wheelspin,info_not_found,"1,177","3,410"