year,title,vote_average,vote_count,budget,revenue,runtime,genres_description
1972,The Godfather,8.7,19234,6000000,245066411,175,"Drama, Crime"
1994,The Shawshank Redemption,8.7,25240,25000000,28341469,142,"Drama, Crime"
2023,Pretty Guardian Sailor Moon Cosmos The Movie Part 1,8.7,7,0,0,80,Animation
1974,The Godfather Part II,8.6,11594,13000000,102600000,202,"Drama, Crime"
2023,¿Quieres ser mi hijo?,8.6,195,0,0,100,"Comedy, Romance"
1993,Schindler's List,8.6,14951,22000000,321365567,195,"History, War, Drama"
2001,Spirited Away,8.5,15309,19000000,274925095,125,"Family, Animation, Fantasy"
1994,Forrest Gump,8.5,25911,55000000,677387716,142,"Romance, Drama, Comedy"
1999,The Green Mile,8.5,16309,60000000,286801374,189,"Drama, Fantasy, Crime"
2003,The Lord of the Rings: The Return of the King,8.5,22793,94000000,1118888979,201,"Adventure, Fantasy, Action"
2019,Parasite,8.5,16875,11363000,257591776,133,"Comedy, Thriller, Drama"
1994,Pulp Fiction,8.5,26382,8500000,213900000,154,"Thriller, Crime"
2008,The Dark Knight,8.5,31179,185000000,1004558444,152,"Drama, Thriller, Crime, Action"
2016,Your Name.,8.5,10630,0,358000000,106,"Animation, Romance, Drama"
1966,"The Good, the Bad and the Ugly",8.5,7973,1200000,38900000,161,Western
1990,GoodFellas,8.5,12016,25000000,46800000,145,"Crime, Drama"
2023,Spider-Man: Across the Spider-Verse,8.4,5392,100000000,690500000,140,"Adventure, Action, Science Fiction, Animation"
2023,The Color Purple,8.4,17,95000000,47200000,141,Drama
2004,Howl's Moving Castle,8.4,9003,24000000,236049757,119,"Fantasy, Adventure, Animation"
2002,The Lord of the Rings: The Two Towers,8.4,20647,79000000,926287400,179,"Fantasy, Action, Adventure"
2001,The Lord of the Rings: The Fellowship of the Ring,8.4,23751,93000000,871368364,179,"Fantasy, Adventure, Action"
1999,Fight Club,8.4,27770,63000000,100853753,139,Drama
2014,Whiplash,8.4,14173,3300000,13092000,107,"Music, Drama"
2023,Me Vuelves Loca,8.4,108,0,0,0,Comedy
2023,Once Upon a Studio,8.4,271,0,0,9,"Family, Comedy, Animation, Fantasy"
2023,Welcome al Norte,8.4,60,0,0,100,Comedy
2014,Interstellar,8.4,33258,165000000,701729206,169,"Adventure, Science Fiction, Drama"
1995,Se7en,8.4,19800,33000000,327311859,127,"Crime, Thriller, Mystery"
2023,The Legend of the Spirits,8.4,198,1100000,0,89,"Family, Animation, Horror, Comedy"
2018,Spider-Man: Into the Spider-Verse,8.4,14433,90000000,375464627,117,"Science Fiction, Adventure, Animation, Action"
2010,Inception,8.4,34992,160000000,825532764,148,"Adventure, Action, Science Fiction"
2023,TAYLOR SWIFT | THE ERAS TOUR,8.4,216,0,24960000,169,Music
2018,Avengers: Infinity War,8.3,28196,300000000,2052415039,149,"Action, Science Fiction, Adventure"
1957,Paths of Glory,8.3,2668,935000,0,88,"History, War, Drama"
1985,Back to the Future,8.3,18797,19000000,381109762,116,"Science Fiction, Comedy, Adventure"
1946,It's a Wonderful Life,8.3,3975,3180000,9644124,130,"Family, Drama, Fantasy"
2019,Avengers: Endgame,8.3,24254,356000000,2800000000,181,"Science Fiction, Adventure, Action"
2019,Klaus,8.3,3721,0,0,96,"Adventure, Comedy, Fantasy, Animation, Family"
2020,Demon Slayer -Kimetsu no Yaiba- The Movie: Mugen Train,8.3,3528,15800000,503100000,117,"Animation, Action, Thriller, Fantasy, Adventure"
1994,The Lion King,8.3,17292,45000000,763455561,89,"Animation, Family, Drama"
2023,Society of the Snow,8.3,15,0,0,144,"Drama, History"
2011,The Intouchables,8.3,16384,13000000,426600000,113,"Drama, Comedy"
2022,Puss in Boots: The Last Wish,8.3,6803,90000000,484700000,103,"Adventure, Animation, Fantasy, Comedy, Family, Action"
2021,Jujutsu Kaisen 0,8.2,1174,0,195870885,105,"Animation, Fantasy, Action"
2017,Coco,8.2,18348,175000000,800500000,105,"Animation, Adventure, Music, Comedy, Family, Fantasy"
1977,Star Wars,8.2,19481,11000000,775398007,121,"Science Fiction, Action, Adventure"
1999,The Matrix,8.2,24275,63000000,463517383,136,"Action, Science Fiction"
2022,Top Gun: Maverick,8.2,7998,170000000,1488732821,131,"Drama, Action"
1998,Saving Private Ryan,8.2,14924,70000000,481840909,169,"Drama, War, History"
2019,Joker,8.2,23868,55000000,1074500000,122,"Thriller, Crime, Drama"
2022,Guillermo del Toro's Pinocchio,8.2,2603,35000000,0,117,"Family, Drama, Fantasy, Animation"
2021,Zack Snyder's Justice League,8.2,9440,70000000,0,242,"Fantasy, Adventure, Action"
2012,Django Unchained,8.2,25054,100000000,425368238,165,"Western, Drama"
2000,Gladiator,8.2,17330,103000000,465361176,155,"Drama, Adventure, Action"
2023,Black Clover: Sword of the Wizard King,8.2,225,0,0,113,"Adventure, Fantasy, Animation, Action"
2023,Flamin' Hot,8.2,449,0,0,99,"Comedy, Drama"
2021,Palmer,8.2,1369,0,0,110,Drama
2010,Shutter Island,8.2,22719,80000000,294800000,138,"Thriller, Mystery, Drama"
1997,Good Will Hunting,8.2,11405,10000000,225900000,127,Drama
2023,The Iron Claw,8.2,23,15900000,18200000,133,Drama
1983,Scarface,8.2,11013,25000000,66023329,170,"Action, Drama, Crime"
2016,The Handmaiden,8.2,3392,8575000,38600000,145,"Romance, Thriller, Drama"
2009,Inglourious Basterds,8.2,21128,70000000,321457747,153,"War, Drama, Thriller"
2016,Hacksaw Ridge,8.2,12917,40000000,175302354,139,"Drama, War, History"
2019,Togo,8.2,1870,0,0,113,"Adventure, Family"
1979,Alien,8.2,13498,11000000,104931801,117,"Horror, Science Fiction"
2022,20th Century Girl,8.2,555,119,0,119,"Romance, Drama"
2023,Poor Things,8.1,48,35000000,10900000,142,"Romance, Comedy, Science Fiction"
2011,Harry Potter and the Deathly Hallows: Part 2,8.1,19515,125000000,1341511219,130,"Fantasy, Adventure"
2020,Soul,8.1,9714,150000000,121000000,101,"Drama, Animation, Family, Comedy, Fantasy"
2023,Sound of Freedom,8.1,1704,14500000,249125713,131,"Action, Drama"
2023,Oppenheimer,8.1,5844,100000000,952000000,181,"Drama, History"
2008,WALL·E,8.1,17730,180000000,521311860,98,"Science Fiction, Family, Animation"
2023,"Red, White & Royal Blue",8.1,955,0,0,121,"Comedy, Romance"
2005,Pride & Prejudice,8.1,7534,28000000,121616555,127,"Drama, Romance"
1991,Terminator 2: Judgment Day,8.1,11998,102000000,520000000,137,"Thriller, Science Fiction, Action"
2014,Black Butler: Book of Murder,8.1,50,0,0,116,"Adventure, Mystery, Animation"
2023,12th Fail,8.1,18,0,0,146,Drama
2014,The Grand Budapest Hotel,8.1,14025,30000000,174600318,100,"Drama, Comedy"
2016,Hidden Figures,8.1,9096,25000000,236000000,127,"Drama, History"
1998,The Truman Show,8.1,17185,60000000,264118201,103,"Comedy, Drama"
2023,My Fault,8.1,2076,0,0,117,"Romance, Drama"
2013,The Wolf of Wall Street,8,22659,100000000,392000000,180,"Comedy, Crime, Drama"
2022,Suzume,8,899,0,321092572,123,"Animation, Drama, Adventure, Fantasy"
2004,Harry Potter and the Prisoner of Azkaban,8,20411,130000000,789804554,141,"Fantasy, Adventure"
1995,Toy Story,8,17441,30000000,394400000,81,"Animation, Family, Comedy, Adventure"
2021,Spider-Man: No Way Home,8,18768,200000000,1921847111,148,"Adventure, Science Fiction, Action"
2023,Godzilla Minus One,8,229,13000000,81600000,125,"Horror, Action, Science Fiction"
2023,Guardians of the Galaxy Vol. 3,8,5608,250000000,845600000,150,"Science Fiction, Action, Adventure"
2023,Gran Turismo,8,1719,60000000,121700000,135,"Drama, Action, Adventure"
2014,The Imitation Game,8,16208,14000000,233600000,113,"Thriller, Drama, History, War"
2009,Up,8,19179,175000000,735099082,96,"Animation, Family, Comedy, Adventure"
2021,Cruella,8,8687,200000000,233503234,134,"Comedy, Crime"
2002,Catch Me If You Can,8,14693,52000000,352114312,141,"Drama, Crime"
2021,CODA,8,1991,10000000,1600000,112,"Music, Romance, Drama"
2019,Ford v Ferrari,8,7165,97600000,225508210,153,"Action, Drama, History"
2010,Flipped,8,2728,14000000,1755212,89,"Drama, Romance"
2023,Nimona,8,650,0,0,102,"Animation, Fantasy"
2017,Gifted,8,5084,7000000,40300000,101,"Drama, Comedy"
2023,Rascal Does Not Dream of a Sister Venturing Out,8,11,0,0,74,"Drama, Animation"
2021,Nobody,8,6412,17000000,61779301,92,"Thriller, Action"
2019,No Manches Frida 2,8,821,0,0,102,Comedy
2021,Miraculous World: Shanghai – The Legend of Ladydragon,7.9,599,0,0,54,"Animation, Action, TV Movie, Fantasy"
2016,La La Land,7.9,15844,30000000,447407695,129,"Drama, Romance, Music, Comedy"
2021,Sing 2,7.9,4040,85000000,406000000,110,"Music, Comedy, Family, Animation"
2014,Gone Girl,7.9,17646,61000000,369300000,149,"Mystery, Thriller, Drama"
2021,Finch,7.9,3173,2500000,0,115,"Science Fiction, Drama, Adventure"
2015,Inside Out,7.9,19847,175000000,857611174,95,"Adventure, Animation, Comedy, Drama, Family"
1998,Mulan,7.9,9076,90000000,304320254,88,"Family, Animation, Adventure"
2008,The Boy in the Striped Pyjamas,7.9,6685,12500000,20416563,94,"History, War, Drama"
1982,Blade Runner,7.9,13019,28000000,41722424,118,"Thriller, Drama, Science Fiction"
2021,Raya and the Last Dragon,7.9,6400,100000000,130423032,107,"Family, Adventure, Animation, Fantasy, Action"
1986,Aliens,7.9,8927,18500000,183316455,137,"Science Fiction, Thriller, Action"
2001,A Beautiful Mind,7.9,9637,58000000,316800000,135,"Romance, Drama"
2019,Little Women,7.9,5838,40000000,216600000,135,"Drama, Romance"
2001,Harry Potter and the Philosopher's Stone,7.9,25874,125000000,976475550,152,"Fantasy, Adventure"
2021,Wish Dragon,7.9,1203,0,25860000,99,"Comedy, Animation, Fantasy, Family"
1996,Fargo,7.9,7461,7000000,60611975,98,"Thriller, Drama, Crime"
2023,Past Lives,7.9,448,12000000,15348213,106,"Romance, Drama"
1995,Heat,7.9,6738,60000000,187400000,170,"Drama, Crime, Action"
2013,Her,7.9,13604,23000000,47351251,126,"Romance, Science Fiction, Drama"
2022,Dragon Ball Super: Super Hero,7.9,2625,0,86562140,99,"Science Fiction, Animation, Action"
2019,Demon Slayer: Kimetsu no Yaiba Sibling's Bond,7.9,178,0,0,105,"Fantasy, Action, Animation"
2004,The Notebook,7.9,10815,29000000,115600000,123,"Romance, Drama"
2016,Me Before You,7.9,11631,20000000,207945075,110,"Drama, Romance"
2009,Coraline,7.9,7239,60000000,131800000,100,"Family, Fantasy, Animation"
2022,Redeeming Love,7.9,340,30000000,9500000,134,"Romance, Drama, Western"
1997,Titanic,7.9,24031,200000000,2264162353,194,"Drama, Romance"
2013,About Time,7.9,7932,12000000,87100449,123,"Romance, Drama, Fantasy"
2023,Journey to Bethlehem,7.9,13,6000000,7300000,99,"Family, Music, Drama"
2022,The Whale,7.9,3239,3000000,55101305,117,Drama
2003,Finding Nemo,7.8,18325,94000000,940335536,100,"Animation, Family"
2023,John Wick: Chapter 4,7.8,5294,90000000,426978565,170,"Crime, Action, Thriller"
2019,How to Train Your Dragon: The Hidden World,7.8,5936,129000000,524580592,104,"Adventure, Animation, Family"
2010,Toy Story 3,7.8,13967,200000000,1066970000,103,"Family, Comedy, Animation"
1993,The Nightmare Before Christmas,7.8,8866,24000000,75634409,76,"Animation, Family, Fantasy"
2003,Pirates of the Caribbean: The Curse of the Black Pearl,7.8,19533,140000000,655011224,143,"Action, Fantasy, Adventure"
2007,Ratatouille,7.8,16019,150000000,623726000,111,"Animation, Family, Fantasy, Comedy"
2001,"Monsters, Inc.",7.8,17482,115000000,579700000,92,"Family, Animation, Comedy"
2005,Harry Potter and the Goblet of Fire,7.8,19640,150000000,895921036,157,"Fantasy, Adventure"
2016,Train to Busan,7.8,6861,8500000,87547518,118,"Action, Horror, Adventure, Thriller"
2022,Luck,7.8,1531,0,0,105,"Adventure, Comedy, Animation, Fantasy"
2012,The Dark Knight Rises,7.8,21664,250000000,1081041287,165,"Drama, Action, Crime, Thriller"
1976,Rocky,7.8,7318,1000000,225300000,119,Drama
2022,A Man Called Otto,7.8,2101,50000000,108961677,126,"Comedy, Drama"
2022,Everything Everywhere All at Once,7.8,5560,25000000,139200000,140,"Science Fiction, Adventure, Action"
2023,"Miraculous: Ladybug & Cat Noir, The Movie",7.8,705,86000000,39357124,107,"Fantasy, Animation, Action, Romance, Family"
2010,Harry Potter and the Deathly Hallows: Part 1,7.8,18087,250000000,954305868,146,"Fantasy, Adventure"
2021,Dune,7.8,9785,165000000,402000000,155,"Science Fiction, Adventure"
2010,How to Train Your Dragon,7.8,12290,165000000,494879471,98,"Animation, Family, Adventure, Fantasy"
2019,"The Gangster, the Cop, the Devil",7.8,885,6500000,25775371,110,"Thriller, Action, Crime"
2006,Paprika,7.8,2145,0,946590,90,"Animation, Thriller, Science Fiction, Mystery"
1988,Die Hard,7.8,10465,28000000,140767956,132,"Action, Thriller"
2021,Luca,7.8,7818,200000000,49750471,95,"Animation, Adventure, Comedy, Family, Fantasy"
2023,Guy Ritchie's The Covenant,7.8,1947,55000000,20000000,123,"Action, Thriller, War"
2019,Knives Out,7.8,11420,40000000,312897920,131,"Mystery, Comedy, Crime"
2023,Heathers: The Musical,7.8,13,0,0,135,"Comedy, Thriller, Music"
2023,Five Nights at Freddy's,7.8,3049,20000000,290900000,110,"Horror, Mystery"
2017,Logan,7.8,18319,97000000,619021436,137,"Drama, Science Fiction, Action"
2012,The Avengers,7.7,29512,220000000,1518815515,143,"Action, Adventure, Science Fiction"
2023,Anatomy of a Fall,7.7,517,6200000,18400000,152,"Drama, Mystery"
2023,Elemental,7.7,3377,200000000,496000000,102,"Comedy, Family, Animation, Romance, Fantasy"
2010,Three Steps Above Heaven,7.7,2836,0,0,122,"Drama, Romance"
2002,Harry Potter and the Chamber of Secrets,7.7,20792,100000000,876688482,161,"Adventure, Fantasy"
2022,A Frozen Rooster,7.7,325,0,0,91,"Family, Adventure, Comedy, Animation"
1973,The Exorcist,7.7,7493,12000000,441400000,122,Horror
2007,Harry Potter and the Order of the Phoenix,7.7,18496,150000000,938212738,138,"Adventure, Fantasy"
2014,Big Hero 6,7.7,14924,165000000,657827828,102,"Action, Comedy, Family, Adventure, Animation"
2023,Stolen Vacation,7.7,27,0,0,92,Comedy
2020,Onward,7.7,5795,200000000,141940042,103,"Adventure, Fantasy, Comedy, Family, Animation"
2004,The Incredibles,7.7,16817,92000000,631442092,115,"Family, Animation, Action, Adventure"
2002,A Walk to Remember,7.7,3838,11800000,47494916,101,"Drama, Romance"
2019,Descendants 3,7.7,1394,15000000,0,106,"Fantasy, Adventure, Family, TV Movie"
2016,Zootopia,7.7,15484,150000000,1023784195,109,"Family, Adventure, Comedy, Animation"
1984,The Terminator,7.7,12117,6400000,78371200,108,"Thriller, Science Fiction, Action"
2015,The Hateful Eight,7.7,13473,44000000,155760117,188,"Mystery, Drama, Western"
2005,Batman Begins,7.7,19904,150000000,374218673,140,"Crime, Action, Drama"
2022,Prey,7.7,6027,65000000,0,100,"Action, Science Fiction, Thriller"
2009,Harry Potter and the Half-Blood Prince,7.7,18433,250000000,933959197,153,"Adventure, Fantasy"
2022,The Woman King,7.7,1815,50000000,97300000,135,"Drama, History, Action"
2014,How to Train Your Dragon 2,7.7,9071,145000000,621537519,102,"Comedy, Fantasy, Action, Adventure, Family, Animation"
2002,Spirit: Stallion of the Cimarron,7.7,4315,80000000,122563539,83,"Family, Comedy, Adventure, Animation, Drama"
2023,The Super Mario Bros. Movie,7.7,7647,100000000,1362000000,93,"Family, Family, Family, Fantasy, Fantasy, Fantasy, Adventure, Adventure, Adventure, Comedy, Comedy, Comedy, Animation, Animation, Animation"
2015,The Martian,7.7,18778,108000000,630600000,141,"Drama, Adventure, Science Fiction"
1991,Beauty and the Beast,7.7,9417,25000000,424967620,84,"Romance, Family, Animation, Fantasy"
2001,Shrek,7.7,16095,60000000,487900000,90,"Comedy, Animation, Adventure, Family, Fantasy"
2023,The Holdovers,7.7,282,0,0,133,"Drama, Comedy"
2021,Wrath of Man,7.7,4798,40000000,103966489,119,"Action, Thriller, Crime"
2022,The Batman,7.7,8971,185000000,771000000,177,"Thriller, Mystery, Crime"
2022,The Black Phone,7.7,4343,17000000,161400000,103,"Thriller, Horror"
2022,All Quiet on the Western Front,7.7,3332,20000000,0,147,"War, Drama"
2023,El duelo,7.7,3,0,0,0,"Comedy, Action, Crime"
1999,Toy Story 2,7.6,13106,90000000,497400000,92,"Animation, Family, Comedy"
2018,Ready Player One,7.6,14675,175000000,607274134,140,"Action, Science Fiction, Adventure"
2016,Deadpool,7.6,29231,58000000,783100000,108,"Action, Comedy, Adventure"
2015,Mad Max: Fury Road,7.6,21202,150000000,378858340,121,"Science Fiction, Action, Adventure"
2022,Sword Art Online the Movie – Progressive – Scherzo of Deep Night,7.6,140,0,0,100,"Fantasy, Animation, Science Fiction, Action"
2021,The Tomorrow War,7.6,2971,200000000,14400000,138,"Action, Adventure, Science Fiction"
2016,Arrival,7.6,16792,47000000,203388186,116,"Mystery, Drama, Science Fiction"
2023,"Justice League x RWBY: Super Heroes & Huntsmen, Part Two",7.6,16,0,0,75,"Action, Fantasy, Animation, Adventure"
2022,Sniper: The White Raven,7.6,581,1000000,0,120,"Action, Drama, War"
2022,Elvis,7.6,2911,85000000,288670284,159,"Music, Drama"
2022,The Bad Guys,7.6,1775,80000000,250162278,100,"Family, Adventure, Animation, Action"
2021,Encanto,7.6,8875,50000000,253000000,102,"Animation, Comedy, Fantasy, Family"
2006,Apocalypto,7.6,5158,40000000,120673227,139,"History, Drama, Action"
2009,Avatar,7.6,30234,237000000,2923706026,162,"Action, Fantasy, Science Fiction, Adventure"
2008,Iron Man,7.6,25232,140000000,585174222,126,"Science Fiction, Adventure, Action"
2017,Blade Runner 2049,7.6,12651,150000000,259239658,164,"Science Fiction, Drama"
2022,Avatar: The Way of Water,7.6,10505,460000000,2320250281,192,"Action, Science Fiction, Adventure"
2023,Radical,7.6,13,10000000,20800000,127,Drama
2022,Mira,7.6,77,6042800,0,110,"Science Fiction, Family, Drama, Adventure"
2017,Guardians of the Galaxy Vol. 2,7.6,20628,200000000,863756051,137,"Adventure, Science Fiction, Action"
2010,Tangled,7.6,10738,260000000,592461732,100,"Animation, Family"
2013,The Hobbit: The Desolation of Smaug,7.6,12451,250000000,958400000,161,"Adventure, Fantasy, Action"
2017,Thor: Ragnarok,7.6,19802,180000000,855301806,131,"Adventure, Science Fiction, Action"
2014,The Fault in Our Stars,7.6,10749,14000000,307166834,126,"Romance, Drama"
1992,Aladdin,7.6,10699,28000000,504050219,95,"Family, Fantasy, Romance, Animation, Adventure"
2019,Balkan Line,7.6,428,3500000,4944386,130,"War, Action, Drama"
2014,Kingsman: The Secret Service,7.6,15874,81000000,414351546,129,"Comedy, Crime, Adventure, Action"
2020,The Call of the Wild,7.6,3474,109000000,111200000,100,"Drama, Adventure, Family"
2021,Shang-Chi and the Legend of the Ten Rings,7.6,8708,150000000,432243292,132,"Adventure, Action, Fantasy"
2021,Godzilla vs. Kong,7.6,9273,200000000,470116094,114,"Thriller, Science Fiction, Action"
2023,Mission: Impossible - Dead Reckoning Part One,7.6,2810,291000000,567500000,164,"Action, Thriller"
2017,Get Out,7.6,16369,4500000,255407969,104,"Mystery, Horror, Thriller"
2022,The Valet,7.6,468,0,0,124,"Romance, Comedy"
2015,The Revenant,7.5,17333,135000000,532950503,157,"Western, Adventure, Drama"
2023,Sisu,7.5,1607,6200000,13009289,91,"War, Action"
2006,Blood Diamond,7.5,7139,100000000,171700000,143,"Action, Thriller, Drama"
2018,Incredibles 2,7.5,12226,200000000,1242805359,118,"Adventure, Family, Action, Animation"
1971,Willy Wonka & the Chocolate Factory,7.5,3231,3000000,4000000,99,"Comedy, Family, Fantasy"
2023,Fist of the Condor,7.5,59,0,0,85,Action
2000,The Emperor's New Groove,7.5,6229,100000000,169327687,78,"Comedy, Fantasy, Family, Animation, Adventure"
2014,X-Men: Days of Future Past,7.5,14591,250000000,747862775,132,"Adventure, Action, Science Fiction"
2010,Scott Pilgrim vs. the World,7.5,7352,85000000,48000000,113,"Action, Romance, Comedy"
2023,Killers of the Flower Moon,7.5,1719,200000000,156300000,206,"Drama, History, Crime"
1990,Pretty Woman,7.5,7585,14000000,463406268,119,"Comedy, Romance"
2018,Deadpool 2,7.5,16580,110000000,785900000,120,"Comedy, Adventure, Action"
2023,Nowhere,7.5,1009,0,0,109,"Drama, Thriller"
2020,The SpongeBob Movie: Sponge on the Run,7.5,2744,60000000,4700000,95,"Family, Animation, Adventure, Comedy, Fantasy"
2023,Carl's Date,7.5,339,0,0,9,"Family, Adventure, Animation"
2005,Corpse Bride,7.5,8541,40000000,118100000,77,"Animation, Fantasy, Romance"
2021,The Conjuring: The Devil Made Me Do It,7.5,5540,39000000,206400000,111,"Thriller, Mystery, Horror"
2023,Strays,7.5,591,46000000,32000000,93,"Adventure, Comedy"
2023,Resident Evil: Death Island,7.5,776,0,53929,91,"Animation, Action, Horror"
2023,Extraction 2,7.5,2027,65000000,0,123,"Action, Thriller"
2022,Sonic the Hedgehog 2,7.5,4454,110000000,405400000,123,"Family, Comedy, Action, Adventure"
2023,Leo,7.5,739,0,0,102,"Animation, Family, Comedy"
1987,Predator,7.5,7447,15000000,98267558,107,"Action, Science Fiction, Thriller, Adventure"
2014,Fury,7.5,11227,68000000,211817906,135,"Drama, Action, War"
2023,Kingdom 3: The Flame of Fate,7.5,77,0,0,0,"War, Adventure, Action"
2019,Toy Story 4,7.5,9235,175000000,1073395000,100,"Animation, Adventure, Fantasy, Family, Comedy"
2020,The Croods: A New Age,7.5,3590,65000000,215905815,95,"Family, Adventure, Comedy, Animation, Fantasy"
1982,E.T. the Extra-Terrestrial,7.5,10611,10500000,792965500,115,"Fantasy, Adventure, Family, Science Fiction"
2013,The Conjuring,7.5,10892,13000000,320400000,112,"Horror, Thriller"
1990,Dragon Ball Z: Bardock - The Father of Goku,7.5,623,0,0,48,"Animation, Action, Drama, Fantasy, Science Fiction"
2021,The Suicide Squad,7.5,7915,185000000,168717425,132,"Comedy, Adventure, Action"
2022,Bullet Train,7.5,5106,90000000,239268602,127,"Action, Thriller, Comedy"
2021,Free Guy,7.5,7892,110000000,331500000,115,"Comedy, Adventure, Science Fiction"
2023,Sobreviviendo mis XV,7.5,57,0,0,101,Comedy
2020,A Soldier's Story 2: Return from the Dead,7.5,13,0,0,0,Action
2023,"Scooby-Doo! and Krypto, Too!",7.5,51,0,0,79,"Family, Mystery, Fantasy, Comedy, Animation"
1997,Hercules,7.5,6937,85000000,252712101,93,"Romance, Fantasy, Animation, Comedy, Family, Adventure"
2023,Heroic,7.5,87,0,0,88,"Thriller, Drama"
2015,Creed,7.4,7063,37000000,17360000,133,"Action, Drama"
2014,American Sniper,7.4,12277,58800000,542300000,133,"Action, War"
2021,Jungle Cruise,7.4,5311,200000000,220889446,127,"Action, Fantasy, Adventure"
2023,Rally Road Racers,7.4,19,0,2900000,93,"Comedy, Family, Animation"
2023,Air,7.4,1539,80000000,90100000,111,"Drama, History"
2013,The Great Gatsby,7.4,11669,105000000,351040419,143,"Drama, Romance"
2022,Minions: The Rise of Gru,7.4,3195,85000000,940000000,87,"Family, Comedy, Animation"
2021,PAW Patrol: The Movie,7.4,1174,26000000,144327371,86,"Animation, Comedy, Family, Adventure"
2019,John Wick: Chapter 3 - Parabellum,7.4,9942,55000000,326709727,131,"Action, Thriller, Crime"
2002,Ice Age,7.4,12504,59000000,383257136,81,"Comedy, Animation, Adventure, Family"
2021,Ghostbusters: Afterlife,7.4,4056,75000000,191000000,124,"Comedy, Fantasy, Adventure"
2022,Through My Window,7.4,2825,0,0,112,"Comedy, Romance, Drama"
2019,Spider-Man: Far From Home,7.4,14757,160000000,1131927996,129,"Adventure, Action, Science Fiction"
2022,Violent Night,7.4,1814,20000000,75734910,112,"Action, Crime, Comedy, Thriller, Fantasy"
2018,Mission: Impossible - Fallout,7.4,7684,178000000,791700000,147,"Action, Adventure"
1990,The Godfather Part III,7.4,5760,54000000,136766062,162,"Thriller, Crime, Drama"
2023,Dave Chappelle: The Dreamer,7.4,17,0,0,57,Comedy
2022,Decision to Leave,7.4,983,0,16914773,138,"Thriller, Mystery, Romance"
2016,Doctor Strange,7.4,21176,180000000,676343174,115,"Adventure, Fantasy, Action"
2006,The Devil Wears Prada,7.4,11287,35000000,326706115,109,"Comedy, Drama"
1989,The Little Mermaid,7.4,7447,40000000,211343479,83,"Family, Fantasy, Animation"
1999,Tarzan,7.4,6352,130000000,448200000,88,"Animation, Drama, Adventure, Family"
2023,Dungeons & Dragons: Honor Among Thieves,7.4,2807,151000000,208200000,134,"Comedy, Fantasy, Adventure"
2023,"Ruby Gillman, Teenage Kraken",7.4,790,70000000,43700000,91,"Animation, Family, Comedy, Fantasy"
2013,The Hunger Games: Catching Fire,7.4,16543,130000000,865011746,146,"Science Fiction, Adventure, Action"
2023,The Family Plan,7.4,539,0,208,119,"Comedy, Action"
2016,Nocturnal Animals,7.4,7297,22500000,29300000,117,"Drama, Thriller"
2023,Transformers: Rise of the Beasts,7.4,3809,195000000,439000000,127,"Adventure, Action, Science Fiction"
2023,Murder City,7.4,5,0,0,85,"Crime, Thriller, TV Movie, Action"
2008,Taken,7.4,10599,25000000,226830568,94,"Thriller, Action"
2018,Black Panther,7.4,21292,200000000,1349926083,135,"Adventure, Action, Science Fiction"
2023,The Slumber Party,7.4,18,0,0,83,"Comedy, Family"
2019,Once Upon a Time… in Hollywood,7.4,12491,95000000,374300000,162,"Thriller, Drama, Comedy"
2015,Sicario,7.4,7993,30000000,84872444,122,"Crime, Action, Thriller"
2016,Miracles from Heaven,7.4,1122,16000000,74000000,119,"Fantasy, Drama, Family"
2014,John Wick,7.4,18229,20000000,88761661,101,"Action, Thriller"
2023,The Equalizer 3,7.4,2020,70000000,190000000,109,"Thriller, Crime, Action"
2012,Rise of the Guardians,7.4,6355,145000000,306941670,97,"Adventure, Family, Animation, Action, Fantasy"
2023,Rewind,7.4,6,0,7201952,112,"Romance, Drama"
2023,Saw X,7.4,1355,13000000,111000000,118,"Horror, Thriller"
2022,Turning Red,7.4,4646,190000000,18900000,100,"Comedy, Animation, Family, Fantasy"
2021,No Time to Die,7.4,5679,250000000,774153007,163,"Adventure, Action, Thriller"
2022,The Sea Beast,7.4,1313,0,0,119,"Animation, Adventure, Family, Fantasy"
2022,Babylon,7.4,2496,78000000,63363579,189,"Drama, Comedy"
2004,Saw,7.4,8665,1200000,103900000,103,"Horror, Crime, Mystery"
2016,Captain America: Civil War,7.4,21785,250000000,1155046416,147,"Science Fiction, Action, Adventure"
2021,The Boss Baby: Family Business,7.4,2366,82000000,146745280,107,"Animation, Adventure, Comedy, Family"
2014,Dawn of the Planet of the Apes,7.3,10505,170000000,710644566,130,"Action, Thriller, Science Fiction, Drama"
2012,The Hobbit: An Unexpected Journey,7.3,17594,250000000,1021103568,169,"Action, Fantasy, Adventure"
2006,Pirates of the Caribbean: Dead Man's Chest,7.3,15086,200000000,1065700000,151,"Fantasy, Adventure, Action"
2015,Star Wars: The Force Awakens,7.3,18576,245000000,2068223624,136,"Action, Science Fiction, Adventure"
2008,Kung Fu Panda,7.3,10743,130000000,631700000,90,"Adventure, Family, Animation, Comedy, Action"
2005,Lord of War,7.3,4410,50000000,72617068,122,"Crime, Thriller, Drama"
2022,Dog,7.3,1371,20000000,84774243,102,"Comedy, Drama"
2009,Zombieland,7.3,11643,23600000,102391540,88,"Horror, Comedy"
2017,John Wick: Chapter 2,7.3,12271,40000000,171539887,122,"Crime, Action, Thriller"
2023,The Venture Bros.: Radiant Is the Blood of the Baboon Heart,7.3,61,0,0,84,"Adventure, Science Fiction, Animation, Action"
2020,Trolls World Tour,7.3,2006,90000000,49300000,90,"Adventure, Animation, Family, Music, Comedy, Fantasy"
2023,The Wonderful World of Mickey Mouse: Steamboat Silly,7.3,16,0,0,9,"Animation, Comedy"
2020,Extraction,7.3,5660,65000000,0,116,"Thriller, Action"
2023,The Velveteen Rabbit,7.3,40,0,0,44,"Family, Animation, Fantasy"
2014,The Hobbit: The Battle of the Five Armies,7.3,13509,250000000,956019788,144,"Action, Adventure, Fantasy"
2009,The Hangover,7.3,16071,35000000,469310836,100,Comedy
2022,Hocus Pocus 2,7.3,1520,30000000,0,107,"Fantasy, Comedy, Family"
2016,Fantastic Beasts and Where to Find Them,7.3,18092,180000000,809342332,132,"Family, Fantasy, Adventure"
2022,One Piece Film Red,7.3,810,0,150797338,115,"Adventure, Fantasy, Animation, Action"
2014,Stand by Me Doraemon,7.3,483,35000000,83061158,90,"Animation, Science Fiction, Fantasy, Family"
2004,Shrek 2,7.3,11549,150000000,928800000,93,"Animation, Fantasy, Comedy, Adventure, Drama, Family"
2018,Hereditary,7.3,7069,10000000,82500000,128,"Thriller, Horror, Mystery"
2011,Rise of the Planet of the Apes,7.3,10983,93000000,482860185,105,"Drama, Thriller, Action, Science Fiction"
2015,Avengers: Age of Ultron,7.3,22034,365000000,1405403694,141,"Science Fiction, Action, Adventure"
2023,The Wandering Earth II,7.3,419,73801827,604380922,173,"Drama, Action, Science Fiction"
2022,DC League of Super-Pets,7.3,1391,90000000,203000000,105,"Science Fiction, Comedy, Animation, Action, Family"
2022,That Time I Got Reincarnated as a Slime the Movie: Scarlet Bond,7.3,340,0,11426555,108,"Fantasy, Adventure, Animation"
2023,Anyone But You,7.3,30,25000000,32900000,104,"Romance, Comedy"
2002,Spider-Man,7.3,17957,139000000,821708551,121,"Science Fiction, Action"
2021,Black Widow,7.3,9509,200000000,379751131,134,"Science Fiction, Action, Adventure"
2023,Chicken Run: Dawn of the Nugget,7.3,379,0,0,97,"Family, Animation, Adventure, Comedy"
2017,Split,7.3,16531,9000000,278454358,117,"Thriller, Horror"
2016,13 Hours: The Secret Soldiers of Benghazi,7.3,3294,50000000,69411370,144,"Drama, History, War, Action"
2023,Animal,7.3,42,13000000,83000000,201,"Drama, Crime, Action"
2023,Mavka: The Forest Song,7.3,565,5000000,17300000,99,"Adventure, Animation, Fantasy, Family"
2023,The Boy and the Heron,7.3,419,50000000,128700000,124,"Adventure, Fantasy, Animation, Drama"
2018,One Piece: Episode of Skypiea,7.3,65,0,0,104,"Comedy, Animation, Adventure, Action"
2023,Jawan,7.3,160,36150000,136698671,169,"Action, Adventure, Thriller"
2023,Finestkind,7.3,110,0,0,126,"Crime, Thriller, Drama"
2022,Harry Potter 20th Anniversary: Return to Hogwarts,7.3,3123,0,0,103,Documentary
2022,The Witch: Part 2. The Other One,7.3,207,0,23068596,137,"Action, Mystery, Science Fiction, Adventure, Thriller"
2016,The Conjuring 2,7.3,7939,40000000,321800000,134,"Thriller, Horror"
2012,Wreck-It Ralph,7.3,11710,165000000,471222889,101,"Family, Comedy, Animation, Adventure"
2020,Sonic the Hedgehog,7.3,9035,85000000,319700000,99,"Family, Science Fiction, Comedy, Action"
2017,Spider-Man: Homecoming,7.3,20784,175000000,880166924,133,"Action, Drama, Science Fiction, Adventure"
2019,Frozen II,7.3,9224,150000000,1450000000,103,"Animation, Adventure, Fantasy, Comedy, Family"
2023,The Last Kingdom: Seven Kings Must Die,7.3,577,0,0,111,"War, Action, Adventure"
1980,Oscenità,7.3,28,0,0,84,Drama
2023,When Evil Lurks,7.3,344,0,547573,99,"Horror, Thriller"
2014,The Equalizer,7.3,8436,55000000,192330738,132,"Thriller, Crime, Action"
2013,Now You See Me,7.3,14896,75000000,351723989,116,"Thriller, Crime"
2022,Doctor Strange in the Multiverse of Madness,7.3,8263,200000000,955775804,126,"Action, Adventure, Fantasy"
2023,Teenage Mutant Ninja Turtles: Mutant Mayhem,7.3,934,75000000,180000000,100,"Animation, Comedy, Science Fiction, Action"
2019,Maleficent: Mistress of Evil,7.3,5784,185000000,491730089,119,"Adventure, Family, Action, Fantasy"
1933,Baby Face,7.3,103,187000,451000,76,Drama
2023,Una aventura gigante,7.3,4,0,0,0,Animation
2023,How to Succeed at Losing,7.3,8,0,0,98,Comedy
1996,Matilda,7.2,4109,36000000,33500000,98,"Family, Comedy, Fantasy"
2023,Talk to Me,7.2,1996,4500000,92000000,95,"Thriller, Horror"
2015,Furious 7,7.2,10134,190000000,1515400000,137,"Action, Crime, Thriller"
2020,Tenet,7.2,8974,205000000,365304105,150,"Science Fiction, Thriller, Action"
2004,Mean Girls,7.2,8123,17000000,130100000,97,Comedy
2020,After We Collided,7.2,5127,14000000,48000000,105,"Drama, Romance"
2007,Superbad,7.2,6791,20000000,170800000,113,Comedy
2014,The Maze Runner,7.2,16118,34000000,348319861,113,"Action, Thriller, Science Fiction, Mystery"
2017,Wonder Woman,7.2,19162,149000000,822854286,141,"Action, Adventure, Fantasy"
2007,I Am Legend,7.2,14921,150000000,585410052,101,"Drama, Science Fiction, Thriller"
2023,Migration,7.2,75,72000000,117271638,83,"Animation, Family, Action, Comedy, Adventure"
2023,The Hunger Games: The Ballad of Songbirds & Snakes,7.2,1289,100000000,322600000,157,"Drama, Science Fiction, Action"
2019,Midsommar,7.2,6425,9000000,48059189,147,"Drama, Mystery, Horror"
1997,Men in Black,7.2,13021,90000000,589390539,98,"Action, Comedy, Adventure, Science Fiction"
2023,Scarygirl,7.2,39,0,0,90,"Animation, Adventure"
2022,Black Panther: Wakanda Forever,7.2,5779,250000000,859102154,162,"Science Fiction, Adventure, Action"
2023,The Other Zoey,7.2,210,0,168000,91,"Comedy, Romance, Drama"
1995,Dragon Ball Z: Wrath of the Dragon,7.2,652,0,24000000,51,"Animation, Science Fiction, Action"
2023,Trolls Band Together,7.2,463,95000000,198700000,93,"Comedy, Family, Animation, Fantasy, Music"
2009,The Princess and the Frog,7.2,5176,105000000,270997378,98,"Romance, Family, Animation"
2010,Despicable Me,7.2,14321,69000000,533700000,95,"Comedy, Family, Animation"
2017,The Lego Batman Movie,7.2,4669,80000000,311950384,104,"Family, Animation, Action, Comedy"
2023,Warhorse One,7.2,189,0,0,120,"War, Action, Drama"
2023,Barbie,7.2,6676,145000000,1441800000,114,"Adventure, Fantasy, Comedy"
2019,Alita: Battle Angel,7.2,8616,170000000,405000000,122,"Science Fiction, Action, Adventure"
2022,"Lyle, Lyle, Crocodile",7.2,493,50000000,104088441,106,"Family, Music, Comedy"
2022,M3GAN,7.2,3485,12000000,179960167,102,"Horror, Science Fiction"
2022,Teddy's Christmas,7.2,28,0,0,76,"Fantasy, Family, Adventure"
2018,Ralph Breaks the Internet,7.2,7118,175000000,529323962,112,"Comedy, Adventure, Family, Animation"
2023,Fast X,7.2,4616,340000000,704709660,142,"Action, Crime, Thriller"
2023,Creed III,7.2,2174,75000000,275300000,116,"Action, Drama"
1998,The Parent Trap,7.2,3870,15000000,92108518,128,"Family, Comedy"
2023,Justice League: Warworld,7.2,193,0,0,90,"Science Fiction, Animation, Action, Adventure"
2023,Monster High 2,7.2,47,0,0,94,"Fantasy, TV Movie, Science Fiction, Family"
2023,Saltburn,7.2,685,13000000,19313341,131,"Comedy, Thriller, Drama"
2007,Pirates of the Caribbean: At World's End,7.2,13552,300000000,961000000,169,"Action, Adventure, Fantasy"
2022,Fall,7.2,3412,3000000,16120263,107,Thriller
2012,The Hunger Games,7.2,21033,75000000,694394724,142,"Science Fiction, Fantasy, Adventure"
2023,Tequila Re-Pasado,7.2,13,0,0,0,"Fantasy, Comedy"
2023,Jigen Daisuke,7.2,35,0,0,120,"Crime, Action, Drama"
2017,War for the Planet of the Apes,7.2,8189,150000000,490719763,140,"War, Drama, Science Fiction"
2013,Frozen,7.2,15761,150000000,1274219009,102,"Fantasy, Family, Animation, Adventure"
2004,Troy,7.2,9546,175000000,497400000,163,"War, Action, History, Adventure"
2017,What Happened to Monday,7.2,5759,20000000,27975429,123,"Action, Thriller, Mystery, Science Fiction, Drama"
2023,Strawberry Shortcake and the Beast of Berry Bog,7.2,17,0,0,42,"Animation, TV Movie, Family"
2015,Mission: Impossible - Rogue Nation,7.2,8329,150000000,682700000,131,"Action, Adventure"
2019,Aladdin,7.1,9550,183000000,1054300000,127,"Fantasy, Adventure, Family, Romance"
2014,Maleficent,7.1,12605,180000000,758539785,97,"Fantasy, Family, Adventure, Action, Romance"
2021,Don't Look Up,7.1,7445,75000000,791863,138,"Comedy, Drama, Science Fiction"
2016,Shin Godzilla,7.1,1075,15000000,77947607,120,"Horror, Action, Science Fiction"
2016,Sing,7.1,7562,75000000,634151679,108,"Family, Comedy, Music, Animation"
2020,Greenland,7.1,4129,34000000,52300000,120,"Drama, Thriller, Action"
2011,Mission: Impossible - Ghost Protocol,7.1,9375,145000000,694700000,133,"Action, Thriller, Adventure"
2019,Uri: The Surgical Strike,7.1,332,0,0,138,"Drama, Action, War"
2005,"The Chronicles of Narnia: The Lion, the Witch and the Wardrobe",7.1,10027,180000000,745013115,143,"Family, Adventure, Fantasy"
2023,Mummies,7.1,402,12000000,53400000,88,"Adventure, Fantasy, Animation"
2007,Shooter,7.1,4498,61000000,95700000,124,"Drama, Crime, Action, Thriller, Mystery"
1937,Snow White and the Seven Dwarfs,7.1,6962,1488423,184925486,83,"Family, Fantasy, Animation"
2022,Glass Onion: A Knives Out Mystery,7.1,4792,40000000,13280000,140,"Comedy, Crime, Mystery"
2022,The School for Good and Evil,7.1,1083,0,0,146,"Adventure, Fantasy, Comedy, Drama"
2016,Boyka: Undisputed IV,7.1,1226,0,0,87,"Drama, Action"
2023,Mickey and Friends: Trick or Treats,7.1,30,0,0,22,"Animation, Family"
2022,Deep Sea Mutant Snake,7.1,18,0,0,80,"Fantasy, Horror, Thriller"
2023,The Seven Deadly Sins: Grudge of Edinburgh Part 2,7.1,140,0,0,55,"Fantasy, Animation, Action, Adventure"
2019,The Angry Birds Movie 2,7.1,1546,65000000,147792047,97,"Comedy, Adventure, Family, Animation"
2023,Diary of a Wimpy Kid Christmas: Cabin Fever,7.1,35,0,0,64,"Animation, Comedy, Family"
2022,Julia(s),7.1,61,0,0,120,"Comedy, Drama"
2021,After We Fell,7.1,2405,14000000,21800000,99,"Romance, Drama"
2021,F9,7.1,6790,200000000,726229501,143,"Action, Crime, Adventure"
2022,Medieval,7.1,426,23000000,4311284,126,"History, Action, Drama"
2019,After,7.1,7920,14000000,69500000,106,"Romance, Drama"
2023,Scream VI,7.1,2146,35000000,169000000,123,"Thriller, Horror, Crime"
2020,Bad Boys for Life,7.1,7645,90000000,426500000,124,"Thriller, Action, Crime"
2023,Believer 2,7.1,48,0,0,116,"Crime, Action, Thriller"
2023,Race to the Summit,7.1,51,0,0,90,"Adventure, Documentary, Action"
2023,The Creator,7.1,1712,80000000,104000000,134,"Adventure, Action, Science Fiction"
2023,The Three Musketeers: D'Artagnan,7.1,844,27500000,31165459,121,"Adventure, Drama, History, Action"
2003,Love Actually,7.1,6281,40000000,249600000,135,"Drama, Comedy, Romance"
2023,The Last Voyage of the Demeter,7.1,1062,45000000,21600000,119,"Thriller, Horror"
2019,The Lion King,7.1,9481,260000000,1663000000,118,"Family, Adventure, Animation, Drama"
2022,The Northman,7.1,3790,80000000,69633110,137,"Fantasy, Adventure, Action"
2018,Maze Runner: The Death Cure,7.1,7265,62000000,288175335,143,"Adventure, Thriller, Science Fiction, Action"
2005,Constantine,7.1,6662,100000000,230884728,121,"Action, Horror, Fantasy"
2023,Wonka,7.1,801,125000000,397468534,117,"Fantasy, Comedy, Family"
2023,Dream Scenario,7.1,215,10000000,6777038,102,"Fantasy, Comedy"
2021,Princess Khutulun,7.1,52,0,0,108,"Drama, Action, History"
2023,The Pope's Exorcist,7.1,2279,18000000,70204828,103,"Thriller, Horror"
2023,Hidden Strike,7,826,80000000,0,103,"Adventure, Comedy, Action, Thriller"
2007,The Simpsons Movie,7,7547,75000000,527068851,87,"Family, Comedy, Animation"
2023,SpongeBob SquarePants Presents The Tidal Zone,7,30,0,0,45,"Adventure, Animation, Comedy"
2017,Kingsman: The Golden Circle,7,9736,104000000,410900000,141,"Comedy, Action, Adventure"
2022,Hotel Transylvania: Transformania,7,1716,75000000,18500000,92,"Comedy, Fantasy, Animation, Family, Adventure"
2023,Siksa Neraka,7,1,0,0,98,"Thriller, Horror"
2022,Prey for the Devil,7,814,0,37655699,93,"Thriller, Horror"
2023,Evil Dead Rise,7,2559,15000000,146700000,96,"Horror, Thriller"
2012,Brave,7,12752,185000000,539000000,93,"Comedy, Adventure, Family, Fantasy, Animation, Action"
2018,Creed II,7,5103,50000000,214200000,130,"Action, Drama"
2023,No Hard Feelings,7,2080,45000000,83000000,104,"Comedy, Romance"
2023,RDX: Robert Dony Xavier,7,28,0,0,150,"Action, Drama"
2023,Shin Kamen Rider,7,227,0,15800000,121,"Action, Science Fiction, Drama"
2023,Hard Days,7,26,0,0,118,"Thriller, Drama, Action, Crime"
2022,Lightyear,7,3160,200000000,226425420,105,"Adventure, Animation, Science Fiction, Action, Family"
2004,The SpongeBob SquarePants Movie,7,2674,30000000,140161792,87,"Fantasy, Adventure, Comedy, Animation, Family"
2011,Kung Fu Panda 2,7,6534,150000000,665700000,91,"Animation, Family, Comedy"
2012,Hotel Transylvania,7,8160,85000000,358375603,91,"Comedy, Animation, Fantasy, Family"
2019,Shazam!,7,8990,80000000,366080049,132,"Action, Comedy, Fantasy"
2023,Oracle,7,71,0,0,85,Horror
2013,Monsters University,7,10048,200000000,743600000,104,"Animation, Family"
2005,Charlie and the Chocolate Factory,7,14298,150000000,475000000,115,"Comedy, Family, Fantasy, Adventure"
2023,Plane,7,1932,25000000,51000000,107,Action
2019,The Secret Life of Pets 2,7,2837,80000000,429434163,86,"Animation, Family, Comedy, Adventure"
1950,Cinderella,7,6338,2900000,263600000,74,"Fantasy, Romance, Family, Animation"
1986,Top Gun,7,7917,15000000,356830601,110,"Adventure, Drama, Action"
2022,Uncharted,7,5319,120000000,407100000,116,"Action, Adventure"
2010,Love & Other Drugs,7,4826,30000000,102800000,112,"Romance, Drama, Comedy"
2022,Encanto at the Hollywood Bowl,7,150,0,0,45,"Music, Documentary"
2021,The Forever Purge,7,2294,18000000,76994245,103,"Thriller, Action, Horror"
2023,After Everything,7,617,14000000,10600000,93,"Drama, Romance"
1998,Rush Hour,7,4495,33000000,244721064,98,"Crime, Comedy, Action"
2022,Wifelike,7,210,0,0,106,"Mystery, Thriller, Science Fiction"
2023,Ballerina,7,354,0,0,93,"Action, Thriller"
2022,Black Adam,7,5717,200000000,393252111,124,"Science Fiction, Adventure, Action"
2017,Beauty and the Beast,7,14996,160000000,1266115964,129,"Fantasy, Family, Romance"
2023,Totally Killer,7,568,0,0,105,"Science Fiction, Comedy, Horror"
2023,"Muchachos, la película de la gente",7,5,0,0,0,Documentary
2023,Ghosted,7,1478,0,0,117,"Action, Comedy, Romance"
2023,Mortal Kombat Legends: Cage Match,7,67,0,0,80,"Fantasy, Animation, Action"
2011,Real Steel,7,7718,110000000,299268508,127,"Science Fiction, Action, Drama"
2023,To Catch a Killer,7,678,0,200221,119,Thriller
2015,The Hunger Games: Mockingjay - Part 2,6.9,11866,160000000,653428261,137,"Adventure, Science Fiction, Action"
2023,Blue Beetle,6.9,1979,104000000,129300000,128,"Adventure, Action, Science Fiction"
2017,Cars 3,6.9,5380,175000000,383925276,102,"Adventure, Family, Animation, Comedy"
2005,Madagascar,6.9,10264,75000000,542100000,86,"Animation, Adventure, Comedy, Family"
2005,King Kong,6.9,7414,207000000,562363449,187,"Action, Drama, Adventure"
2023,Retribution,6.9,790,20000000,16700000,91,"Thriller, Action, Crime"
2013,Iron Man 3,6.9,21317,200000000,1215577205,130,"Action, Adventure, Science Fiction"
2021,The Last Warrior: Root of Evil,6.9,152,8400000,27658331,120,"Adventure, Comedy, Fantasy"
1998,The Lion King II: Simba's Pride,6.9,4190,0,0,81,"Family, Adventure, Animation, Action"
2020,Mulan,6.9,6366,200000000,69965374,115,"Action, Adventure, Fantasy, Drama"
2023,Priscilla,6.9,132,20000000,20800000,110,"Romance, Drama"
2023,"Miraculous World: Paris, Tales of Shadybug and Claw Noir",6.9,77,0,0,50,"Adventure, Fantasy, Family, Action, Animation"
2004,White Chicks,6.9,3585,37000000,113086475,109,"Comedy, Crime"
2016,Kung Fu Panda 3,6.9,5470,145000000,521170825,95,"Action, Adventure, Animation, Comedy, Family"
2013,Pacific Rim,6.9,11739,180000000,411000000,131,"Action, Science Fiction, Adventure"
1999,The Mummy,6.9,8478,80000000,415885488,124,"Action, Adventure, Fantasy"
2023,PAW Patrol: The Mighty Movie,6.9,194,30000000,192400000,92,"Animation, Science Fiction, Drama, Adventure, Comedy, Family, Action"
2021,Eternals,6.9,7691,200000000,402064899,156,"Action, Adventure, Science Fiction"
2019,Fast & Furious Presents: Hobbs & Shaw,6.9,6752,200000000,760098996,137,"Comedy, Adventure, Action"
2023,Viking: Bloodlust,6.9,66,0,0,82,"Action, History"
2023,The Black Book,6.9,64,1000000,0,124,"Thriller, Action, Mystery"
2023,Heart of Stone,6.9,1394,0,0,124,"Thriller, Action"
2021,Army of Thieves,6.9,1812,30000000,46900000,127,"Comedy, Action, Crime, Thriller"
2013,Despicable Me 2,6.9,10668,76000000,970800000,98,"Comedy, Family, Animation"
2023,Babylon 5: The Road Home,6.9,57,0,0,80,"Animation, Science Fiction, Adventure, Action"
2018,Aquaman,6.9,13255,160000000,1148528393,143,"Adventure, Fantasy, Action"
2018,Hotel Transylvania 3: Summer Vacation,6.9,4140,80000000,528600000,97,"Family, Comedy, Animation, Fantasy"
2022,After Ever Happy,6.9,1083,14000000,19200000,95,"Drama, Romance"
2019,Jumanji: The Next Level,6.9,8083,125000000,801693929,123,"Comedy, Fantasy, Adventure"
2021,Ip Man: The Awakening,6.9,134,0,0,76,"Adventure, Action, Drama, History"
2022,Memory,6.9,1336,30000000,13900000,114,"Thriller, Crime, Action"
2019,Sunod,6.9,20,0,0,106,Horror
2023,AKA,6.9,564,0,0,122,Action
2023,EXmas,6.9,86,0,0,93,"TV Movie, Comedy, Romance"
2022,Nope,6.9,3454,68000000,170823080,130,"Horror, Science Fiction, Mystery"
2023,R.A.D.A.R.: The Adventures of the Bionic Dog,6.9,21,0,0,0,"Science Fiction, Comedy, Adventure, Family"
2018,The Grinch,6.9,3640,75000000,508600000,85,"Family, Animation, Fantasy, Comedy"
2021,Rushed,6.9,43,0,0,101,"Crime, Thriller, Mystery, Horror, Drama"
2014,Blended,6.9,3290,40000000,128000000,117,"Comedy, Romance"
2021,Nitram,6.9,139,0,0,112,"Drama, Thriller, Crime, Mystery"
2009,A Christmas Carol,6.9,4324,200000000,325300000,94,"Animation, Fantasy, Family"
2018,Sicario: Day of the Soldado,6.9,3272,35000000,75836683,122,"Action, Crime, Thriller"
2023,Ferrari,6.9,137,95000000,14700000,131,"History, Drama"
2017,The Fate of the Furious,6.9,9850,250000000,1236000000,136,"Action, Thriller, Crime"
2020,Birds of Prey (and the Fantabulous Emancipation of One Harley Quinn),6.9,9792,75000000,205372791,108,"Crime, Action"
2023,The Nun II,6.9,1588,38500000,268100000,110,"Mystery, Thriller, Horror"
1992,Sneakers,6.9,826,23000000,105232691,126,"Drama, Comedy, Crime"
2023,Kandahar,6.9,786,0,3000000,119,"Thriller, Action"
2023,The Caine Mutiny Court-Martial,6.9,25,0,0,109,"War, Drama"
2012,Project X,6.9,5964,12000000,102731865,88,Comedy
2023,Desperation Road,6.9,60,0,0,112,"Crime, Thriller, Action, Drama"
2013,World War Z,6.8,14616,200000000,531865000,116,"Action, Drama, Science Fiction, Horror, Thriller"
2021,Tom & Jerry,6.8,2330,50000000,136536687,101,"Family, Animation, Comedy"
2015,Cinderella,6.8,6768,95000000,543514353,105,"Family, Drama, Romance, Fantasy"
2011,Thor,6.8,20260,150000000,449326618,115,"Action, Fantasy, Adventure"
2010,Iron Man 2,6.8,20034,200000000,623933331,124,"Action, Adventure, Science Fiction"
1997,Dragon Ball GT: A Hero's Legacy,6.8,302,0,0,45,"Family, Fantasy, Animation"
2015,Dragon Ball Z: Resurrection 'F',6.8,1740,5000000,61768190,93,"Science Fiction, Animation, Action"
1991,Robin Hood: Prince of Thieves,6.8,3015,48000000,390493908,143,"Drama, Adventure, Action"
2017,Star Wars: The Last Jedi,6.8,14517,200000000,1332698830,152,"Science Fiction, Action, Adventure"
2016,Miss Peregrine's Home for Peculiar Children,6.8,9524,110000000,296482446,127,"Adventure, Fantasy"
2023,May December,6.8,170,20000000,223505,117,"Comedy, Drama"
2017,Below Her Mouth,6.8,1072,0,33673,92,"Drama, Romance"
2001,Pure Imagination: The Story of 'Willy Wonka & the Chocolate Factory',6.8,17,0,0,30,"Documentary, Fantasy"
2019,It Chapter Two,6.8,8206,79000000,473100000,169,Horror
2023,Sniper: G.R.I.T. - Global Response & Intelligence Team,6.8,93,0,0,92,"Thriller, Action"
2021,The King's Man,6.8,4060,100000000,125900000,131,"Thriller, Comedy, Action, Adventure"
2011,Rango,6.8,6086,135000000,245724603,107,"Western, Family, Adventure, Animation, Comedy"
2023,Cobweb,6.8,541,0,5569593,88,Horror
2023,Beau Is Afraid,6.8,697,35000000,10000000,179,"Adventure, Fantasy, Comedy"
2018,Venom,6.8,14954,116000000,856085151,112,"Science Fiction, Action"
2022,Shadow Master,6.8,91,0,0,90,"Thriller, Action, Fantasy"
2000,Chicken Run,6.8,4669,45000000,224834564,84,"Animation, Family, Comedy"
2023,I Am Rage,6.8,26,0,0,89,"Action, Horror, Thriller"
2022,Disenchanted,6.8,956,0,0,119,"Fantasy, Family, Comedy"
2023,Reacher - Prime Premiere,6.8,4,0,0,106,"Drama, Crime, Action"
2022,Jurassic World Dominion,6.8,5455,165000000,1001978080,147,"Adventure, Action, Science Fiction"
2019,Ashfall,6.8,523,17700000,61321941,128,"Thriller, Adventure, Action"
2000,How the Grinch Stole Christmas,6.8,7018,123000000,345800000,104,"Fantasy, Family, Comedy"
2023,The Flash,6.8,3420,220000000,268400000,144,"Science Fiction, Action, Adventure"
2023,Zom 100: Bucket List of the Dead,6.8,454,0,0,129,"Horror, Comedy"
2023,All the Names of God,6.8,26,0,0,105,"Action, Thriller, Drama"
2021,Red Notice,6.8,5294,160000000,178143,118,"Comedy, Crime, Action"
2015,Hotel Transylvania 2,6.8,5425,80000000,473200000,89,"Comedy, Animation, Fantasy, Family"
2022,Roald Dahl's Matilda the Musical,6.8,656,25000000,35600000,117,"Fantasy, Family, Comedy"
2021,Space Jam: A New Legacy,6.8,3787,150000000,163700000,115,"Family, Comedy, Animation, Science Fiction"
2021,Venom: Let There Be Carnage,6.8,9390,110000000,506900000,97,"Action, Science Fiction, Adventure"
2023,No One Will Save You,6.8,823,22800000,0,93,"Horror, Science Fiction, Thriller"
2022,The Boss Baby: Christmas Bonus,6.8,271,0,0,47,"Adventure, Animation, Family"
2013,Dragon Ball Z: Battle of Gods,6.8,1419,0,50461371,85,"Science Fiction, Animation, Action"
2019,Captain Marvel,6.8,14910,152000000,1131416446,124,"Action, Adventure, Science Fiction"
2022,Terrifier 2,6.8,1537,250000,15100000,138,"Horror, Thriller"
1988,Dragon Ball: Mystical Adventure,6.8,231,0,8201600,48,"Animation, Action"
2014,The Hunger Games: Mockingjay - Part 1,6.8,15069,125000000,755356711,123,"Thriller, Adventure, Science Fiction"
2023,Digimon Adventure 02: The Beginning,6.8,5,0,0,87,"Adventure, Animation, Fantasy"
2021,Mousa,6.8,25,0,0,101,"Science Fiction, Adventure, Action"
2023,Spirit of Fear,6.8,12,0,0,78,Horror
2023,Bottoms,6.8,335,11300000,12725395,91,Comedy
2023,Knuckle Girl,6.7,18,0,0,107,"Drama, Action"
2022,Beast,6.7,1353,0,56000000,93,"Action, Thriller, Horror"
2023,Crater,6.7,221,0,0,104,"Family, Action, Science Fiction, Adventure"
2017,Murder on the Orient Express,6.7,9403,55000000,352800000,114,"Drama, Crime, Mystery"
2011,Just Go with It,6.7,5373,80000000,214945591,117,"Romance, Comedy"
2009,Ice Age: Dawn of the Dinosaurs,6.7,7819,90000000,886686817,94,"Adventure, Family, Animation, Comedy"
2015,The Good Dinosaur,6.7,5225,175000000,332207671,93,"Animation, Family, Adventure"
2019,The Club of Ugly Children,6.7,23,0,897441,91,"Adventure, Science Fiction, Family, Action"
2023,There's Something in the Barn,6.7,83,0,662030,100,"Comedy, Fantasy, Horror"
2018,The Equalizer 2,6.7,4882,62000000,190400157,121,"Action, Crime, Thriller"
2019,Glass,6.7,7915,20000000,247000000,129,"Drama, Science Fiction, Thriller"
2022,Good Boy,6.7,123,8500,0,76,"Thriller, Horror"
2023,A Haunting in Venice,6.7,1608,60000000,121400000,104,"Crime, Mystery, Thriller"
2015,Jurassic World,6.7,19626,150000000,1671537444,124,"Science Fiction, Thriller, Action, Adventure"
2021,Guimoon: The Lightless Door,6.7,80,0,0,85,"Horror, Thriller"
2022,X,6.7,2499,1000000,14700000,106,"Mystery, Horror, Thriller"
2022,My Name Is Vendetta,6.7,554,0,0,90,"Thriller, Action, Crime"
2022,Fantastic Beasts: The Secrets of Dumbledore,6.7,3993,200000000,407200000,142,"Family, Adventure, Fantasy"
2023,Overhaul,6.7,108,0,0,100,"Action, Drama, Thriller"
2022,The Ice Age Adventures of Buck Wild,6.7,1598,0,0,82,"Comedy, Adventure, Family, Animation"
2023,The Mother,6.7,1080,0,0,115,"Action, Thriller"
2006,Ice Age: The Meltdown,6.7,9221,80000000,660998756,91,"Adventure, Animation, Comedy, Family"
2016,Trolls,6.7,3393,125000000,346900000,92,"Family, Comedy, Music, Adventure, Animation, Fantasy"
2003,Bruce Almighty,6.7,10159,80000000,484600000,101,"Fantasy, Comedy"
2023,Thanksgiving,6.7,407,15000000,44000000,106,"Thriller, Horror, Mystery"
2022,Scream,6.7,2923,24000000,137700000,114,"Thriller, Mystery, Horror"
2004,The Polar Express,6.7,5901,165000000,310634054,100,"Family, Fantasy, Animation, Adventure"
2017,Going in Style,6.7,2620,25000000,84618541,96,"Crime, Comedy"
2015,Maze Runner: The Scorch Trials,6.7,9799,61000000,312296056,131,"Adventure, Action, Thriller, Science Fiction"
1992,Home Alone 2: Lost in New York,6.7,8981,18000000,358994850,120,"Family, Comedy, Adventure"
2020,Skydog,6.7,10,0,0,0,"Adventure, Action, Thriller, Mystery, Drama"
2023,Meg 2: The Trench,6.7,2762,129000000,384056482,116,"Science Fiction, Horror, Action"
2023,Dumb Money,6.7,195,30000000,20000000,104,"Comedy, Drama, History"
2022,Troll,6.7,1553,0,0,104,"Action, Fantasy, Adventure"
2023,Indiana Jones and the Dial of Destiny,6.7,2515,294700000,383922132,155,"Adventure, Action"
2012,The Amazing Spider-Man,6.7,16566,215000000,757930663,136,"Science Fiction, Action, Adventure"
2022,Orphan: First Kill,6.7,1893,0,9572765,99,"Thriller, Horror"
2022,Smile,6.7,2506,17000000,216100000,115,"Mystery, Horror, Thriller"
2023,The Bad Guys: A Very Bad Holiday,6.7,71,0,0,26,"Animation, Action, Family, Comedy"
2023,The Monkey King,6.7,227,0,0,92,"Comedy, Animation, Adventure, Fantasy, Family"
2022,Hunting Souls,6.7,35,0,0,93,Horror
2023,Renfield,6.7,1235,65000000,26400000,93,"Comedy, Fantasy, Horror"
2023,Insidious: The Red Door,6.7,1395,16000000,185582093,107,"Horror, Mystery, Thriller"
2023,The Flood,6.7,222,0,0,93,"Thriller, Horror, Action, Mystery"
2018,Fifty Shades Freed,6.7,7635,55000000,368300000,105,"Romance, Drama"
2019,Godzilla: King of the Monsters,6.7,5626,170000000,386600138,132,"Science Fiction, Action"
2017,Valerian and the City of a Thousand Planets,6.6,7119,177200000,225973340,136,"Action, Science Fiction, Adventure"
2023,Operation Fortune: Ruse de Guerre,6.6,1164,50000000,37800000,114,"Comedy, Thriller, Action"
2022,The Lost City,6.6,3164,74000000,192907684,112,"Comedy, Action, Adventure"
2019,The Wandering Earth,6.6,832,48000000,0,126,"Science Fiction, Drama, Action"
2011,Puss in Boots,6.6,3675,130000000,554987477,90,"Family, Adventure, Animation, Fantasy, Comedy"
2023,River Wild,6.6,110,0,0,91,"Mystery, Thriller, Adventure"
2023,Next Goal Wins,6.6,44,14000000,7156044,104,"Drama, Comedy"
2022,Slash/Back,6.6,46,0,15511,87,"Science Fiction, Thriller, Horror, Action"
2017,Pirates of the Caribbean: Dead Men Tell No Tales,6.6,11334,230000000,795900000,128,"Adventure, Action, Fantasy"
2023,Haunted Mansion,6.6,818,157800000,117300000,123,"Fantasy, Family, Horror, Comedy"
2023,The Engineer,6.6,48,0,0,93,"Thriller, Action"
2012,Jack Reacher,6.6,6582,60000000,218300000,130,"Crime, Drama, Action, Thriller"
2014,The Purge: Anarchy,6.6,6149,9000000,111928365,104,"Thriller, Horror"
2023,Jagun Jagun,6.6,51,0,0,134,"Drama, Action"
2023,Psycho-Pass: Providence,6.6,7,0,0,121,"Crime, Mystery, Animation, Thriller"
2021,Infinite,6.6,1590,0,0,106,"Science Fiction, Thriller, Action"
2021,Ostap Bender: The Final Hustle,6.6,16,0,0,97,"Crime, Action, Adventure, Comedy"
2023,Sakra,6.6,132,0,159959,130,"Action, Drama"
2021,The Advent Calendar,6.6,250,0,456555,104,"Thriller, Drama, Horror"
2023,Quicksand,6.6,59,0,0,86,"Horror, Thriller, Mystery"
2023,The Secret Kingdom,6.6,52,0,0,98,"Adventure, Family, Fantasy"
2023,Knights of the Zodiac,6.6,951,60000000,6794519,113,"Fantasy, Adventure, Action"
2023,Shazam! Fury of the Gods,6.6,2649,125000000,133838006,130,"Action, Fantasy, Comedy"
2008,The Chronicles of Narnia: Prince Caspian,6.6,6025,225000000,419665568,150,"Family, Fantasy, Adventure"
2020,Sister-in-law's Taste,6.6,12,0,0,70,"Romance, Drama"
2023,Merry Little Batman,6.6,91,0,0,97,"Comedy, Family, Action, Animation"
2005,Saw II,6.6,5016,4000000,147800000,93,Horror
2010,Alice in Wonderland,6.6,13332,200000000,1025467110,108,"Family, Adventure, Fantasy"
2023,A Man of Reason,6.6,36,0,0,103,"Thriller, Drama, Action"
2015,It Follows,6.6,5997,2000000,14674076,101,"Mystery, Horror"
2017,Annabelle: Creation,6.6,5353,15000000,306500000,110,"Thriller, Mystery, Horror"
1983,Six Swedish Girls in Alps,6.6,51,0,0,90,"Comedy, Romance"
2023,The Killer,6.6,1417,175000000,362113,118,"Crime, Thriller"
2013,Man of Steel,6.6,14503,225000000,668045518,143,"Science Fiction, Adventure, Action"
2022,Blade of the 47 Ronin,6.6,184,0,0,106,Fantasy
2016,X-Men: Apocalypse,6.5,12352,178000000,543934787,144,"Science Fiction, Action, Fantasy, Adventure"
2023,Through My Window: Across the Sea,6.5,614,0,0,110,"Romance, Comedy, Drama"
2023,The Boogeyman,6.5,679,41900000,66978229,99,"Mystery, Thriller, Horror"
2011,The Hangover Part II,6.5,9950,80000000,586764305,102,Comedy
2023,Rumble Through the Dark,6.5,30,0,0,116,"Action, Thriller"
2023,The Devil Conspiracy,6.5,330,0,0,111,"Science Fiction, Thriller, Fantasy, Horror"
2021,Megaboa,6.5,447,0,0,100,"Horror, Science Fiction, Action"
2023,Murder Mystery 2,6.5,1463,0,0,91,"Crime, Comedy"
2022,Death on the Nile,6.5,3248,90000000,137307235,127,"Crime, Mystery, Thriller"
2013,Thor: The Dark World,6.5,16571,170000000,644783140,112,"Adventure, Action, Fantasy"
2023,Wish,6.5,226,175000000,176900000,95,"Fantasy, Family, Adventure, Animation"
2023,Kho Gaye Hum Kahan,6.5,19,0,0,135,Drama
2022,The Next 365 Days,6.5,902,0,0,112,"Drama, Romance"
2012,The Twilight Saga: Breaking Dawn - Part 2,6.5,8465,120000000,829747654,115,"Romance, Drama, Fantasy, Adventure"
2023,1962 Halloween Massacre,6.5,2,0,0,80,Horror
2018,Terrifier,6.5,1809,100000,416300,84,"Thriller, Horror"
2018,Jurassic World: Fallen Kingdom,6.5,11211,170000000,1310466296,129,"Action, Thriller, Science Fiction, Adventure"
2019,Rambo: Last Blood,6.5,3613,50000000,91500000,89,"Drama, Action, Thriller"
2017,Kong: Skull Island,6.5,9840,185000000,566652812,118,"Adventure, Fantasy, Action"
2023,Leave the World Behind,6.5,1402,0,0,141,"Mystery, Thriller, Science Fiction, Drama"
2023,Resurrected,6.5,38,0,0,90,"Horror, Science Fiction"
2023,Asteroid City,6.5,1295,25000000,47281670,105,"Comedy, Drama"
2023,Maestro,6.5,238,0,300000,131,"Music, Drama, Romance"
2014,The Amazing Spider-Man 2,6.5,12537,200000000,708962323,141,"Action, Science Fiction, Adventure"
2023,Freelance,6.5,426,40000000,8900000,108,"Comedy, Action"
2023,Muzzle,6.5,138,0,7807,100,"Thriller, Drama, Action, Crime"
2015,Spectre,6.5,10027,245000000,880674609,148,"Thriller, Adventure, Action"
2023,LEGO Marvel Avengers: Code Red,6.5,57,0,0,46,"Family, Animation, Action"
2014,Penguins of Madagascar,6.5,3897,132000000,373552094,92,"Comedy, Family, Adventure, Animation"
2015,Scouts Guide to the Zombie Apocalypse,6.5,1777,15000000,14860766,93,"Horror, Comedy"
2023,The Marsh King's Daughter,6.5,79,0,0,108,"Mystery, Thriller, Drama"
2023,Spy Kids: Armageddon,6.5,101,0,0,98,"Adventure, Science Fiction, Family, Comedy, Action"
2020,Wonder Woman 1984,6.5,7971,200000000,169601036,151,"Action, Adventure, Fantasy"
2022,A Show-Stopping Christmas,6.5,6,0,0,87,"Romance, Drama"
2023,Dashing Through the Snow,6.5,78,0,0,91,"Family, Comedy, Fantasy"
2021,Mount Adams,6.5,9,0,0,94,"Science Fiction, Action, Adventure"
2017,Fifty Shades Darker,6.5,7338,55000000,378800000,118,"Romance, Drama"
2023,Darkland: The Return,6.5,349,0,0,110,"Thriller, Action"
2017,Despicable Me 3,6.5,6671,80000000,1031600000,90,"Family, Adventure, Comedy, Animation, Action"
2021,The Matrix Resurrections,6.5,5219,190000000,156497322,147,"Action, Adventure, Science Fiction"
2023,Aquaman and the Lost Kingdom,6.5,357,205000000,255400000,124,"Action, Fantasy, Adventure"
2015,Joy,6.5,3899,60000000,101134059,124,"Comedy, Drama"
2022,Thor: Love and Thunder,6.5,6778,250000000,760900000,119,"Comedy, Fantasy, Action"
2023,Soulcatcher,6.5,244,0,0,99,Action
2011,Pirates of the Caribbean: On Stranger Tides,6.5,13322,379000000,1045700000,137,"Fantasy, Action, Adventure"
2023,Rebel Moon - Part One: A Child of Fire,6.5,949,83000000,0,134,Science Fiction
2023,How to Have Sex,6.5,84,0,922000,91,Drama
2010,The Chronicles of Narnia: The Voyage of the Dawn Treader,6.4,5288,155000000,415686217,113,"Adventure, Family, Fantasy"
2020,Looking for Magical Doremi,6.4,11,0,0,92,"Fantasy, Adventure, Comedy, Animation"
2022,Pinocchio,6.4,1467,0,0,105,"Fantasy, Family, Adventure"
2007,Spider-Man 3,6.4,13327,258000000,894983373,139,"Science Fiction, Adventure, Action"
2017,To Her,6.4,7,0,0,90,"Romance, Drama"
2016,Warcraft,6.4,6443,160000000,433677183,123,"Action, Fantasy, Adventure"
2023,Expend4bles,6.4,966,100000000,58000000,103,"Adventure, Thriller, Action"
2021,Titane,6.4,1251,6600000,5000000,108,"Drama, Horror, Thriller"
2022,Strange World,6.4,1112,180000000,73621640,102,"Family, Science Fiction, Animation, Adventure, Fantasy"
2023,Let Her Kill You,6.4,103,3200000,0,97,"Thriller, Mystery"
2023,Night Train,6.4,27,0,0,96,"Action, Thriller, Crime"
2023,Chupa,6.4,305,0,0,98,"Adventure, Family, Fantasy"
2010,Shrek Forever After,6.4,6888,165000000,752600000,93,"Comedy, Fantasy, Family, Animation, Adventure"
2015,Strange Hair Salon,6.4,8,0,0,84,"Romance, Drama"
2010,Room in Rome,6.4,644,0,844281,109,"Drama, Romance"
2023,Ant-Man and the Wasp: Quantumania,6.4,4344,200000000,476071180,125,"Adventure, Action, Science Fiction"
2023,The Squad: Home Run,6.4,94,0,0,93,"Thriller, Crime, Action, Drama"
2023,My First Barbie: Happy DreamDay,6.4,15,0,0,40,"Family, Animation"
2023,The Little Mermaid,6.4,2499,297000000,569600000,135,"Fantasy, Adventure, Romance, Family"
2018,Godzilla: The Planet Eater,6.4,287,0,0,91,"Science Fiction, Animation, Adventure, Action"
2000,Scary Movie,6.4,6516,19000000,278000000,88,Comedy
2015,Insurgent,6.4,9603,110000000,297002527,119,"Adventure, Action, Thriller, Science Fiction"
2022,Lamborghini: The Man Behind the Legend,6.4,424,0,0,97,"History, Drama"
2023,The Wrath of Becky,6.4,208,0,0,83,"Thriller, Horror, Action"
2023,Napoleon,6.4,861,165000000,206900000,158,"History, Drama, War"
2019,Annabelle Comes Home,6.4,3281,30000000,231300000,106,"Thriller, Mystery, Horror"
2023,Operation Napoleon,6.4,60,0,0,112,Thriller
2022,Moonfall,6.4,2773,146000000,67300000,131,"Action, Adventure, Science Fiction"
2023,V/H/S/85,6.4,94,0,0,110,"Fantasy, Science Fiction, Mystery, Crime, Thriller, Horror"
2012,Ice Age: Continental Drift,6.4,7153,95000000,877244782,88,"Animation, Family, Adventure, Comedy"
2023,The Marvels,6.4,768,274800000,205600000,105,"Action, Science Fiction, Adventure"
2016,The Purge: Election Year,6.4,5004,10000000,118587880,105,"Thriller, Horror, Action"
2006,Saw III,6.4,4213,10000000,164900000,108,"Horror, Crime, Thriller"
2022,Project Wolf Hunting,6.4,279,9000000,20541,122,"Thriller, Horror, Action, Crime"
2020,Roald Dahl's The Witches,6.4,2638,0,29303571,106,"Family, Comedy, Fantasy"
2022,R.I.P.D. 2: Rise of the Damned,6.4,534,0,0,102,"Crime, Fantasy, Action, Comedy"
2012,Ted,6.4,11679,50000000,549368315,107,"Fantasy, Comedy"
2022,The Infernal Machine,6.4,225,0,0,107,"Mystery, Thriller"
2010,Robin Hood,6.4,4326,200000000,321669741,140,"Drama, Adventure, Action"
2023,The Taming of the Shrewd 2,6.4,5,0,0,100,"Romance, Comedy"
2023,Fair Play,6.4,328,0,0,113,Thriller
2023,Hypnotic,6.4,844,70000000,9500000,94,"Science Fiction, Action, Thriller, Mystery"
2023,Hell House LLC Origins: The Carmichael Manor,6.4,49,0,0,98,"Mystery, Horror"
2010,Grown Ups,6.4,5681,80000000,271430189,102,Comedy
2015,Ted 2,6.3,7010,68000000,215863606,115,"Comedy, Fantasy"
2007,Shrek the Third,6.3,8478,160000000,813400000,93,"Animation, Family, Comedy, Adventure, Fantasy"
2023,Knock at the Cabin,6.3,2086,20000000,54700000,100,"Thriller, Horror, Mystery"
2017,Daddy's Home 2,6.3,2399,69000000,180613180,100,Comedy
2023,Sijjin,6.3,3,0,0,100,"Horror, Thriller"
2023,El Conde,6.3,135,0,0,112,"Fantasy, Comedy, Horror"
2023,The Mill,6.3,28,0,0,106,"Horror, Science Fiction"
2023,The Kill Room,6.3,98,50000000,476375,98,"Crime, Comedy, Thriller"
2015,Tomorrowland,6.3,6666,190000000,209154322,130,"Mystery, Adventure, Science Fiction, Family"
2023,God Is a Bullet,6.3,116,0,0,155,"Horror, Drama, Crime, Thriller, Action"
2023,Family Switch,6.3,410,0,0,106,"Fantasy, Family, Comedy"
2012,The Expendables 2,6.3,6403,100000000,315000000,103,"Action, Thriller, Adventure"
2014,Godzilla,6.3,8536,160000000,529100000,123,"Science Fiction, Action, Drama"
2013,The Purge,6.3,8004,3000000,89328627,86,"Horror, Thriller, Science Fiction"
2022,Shotgun Wedding,6.3,1033,0,4495365,101,"Romance, Action, Comedy"
2018,The Meg,6.3,7208,150000000,530517320,113,"Action, Science Fiction, Horror"
2022,A Tale of Two Guns,6.3,24,0,0,91,Western
2019,Gemini Man,6.3,4815,140000000,173469516,117,"Action, Thriller, Science Fiction"
2023,Fear the Night,6.3,159,0,0,92,"Action, Thriller"
2023,Fast Charlie,6.3,52,20000000,0,90,"Crime, Action, Drama"
2023,Sheroes,6.3,103,0,0,91,"Adventure, Action, Crime, Comedy"
2023,Sympathy for the Devil,6.3,143,0,0,90,"Thriller, Action"
2023,The White Storm 3: Heaven or Hell,6.3,43,0,0,125,"Drama, Crime, Action"
2015,Barcelona Christmas Night,6.3,70,0,0,95,"Romance, Drama, Comedy"
2008,Twilight,6.3,12843,37000000,393616788,122,"Romance, Drama, Fantasy"
2015,Vacation,6.3,3517,31000000,104400000,99,Comedy
2020,The Mercenary,6.3,23,0,0,91,Action
2023,The Elevator,6.3,8,0,0,86,Horror
2023,Sayen: Desert Road,6.2,49,0,0,94,"Thriller, Action"
2014,The Expendables 3,6.2,4708,95000000,214700000,126,"Action, Adventure, Thriller"
1997,Beauty and the Beast: The Enchanted Christmas,6.2,943,0,0,72,"Animation, Fantasy, Family"
2023,Infinity Pool,6.2,521,4500000,5078400,118,"Horror, Science Fiction"
2011,The Twilight Saga: Breaking Dawn - Part 1,6.2,8346,110000000,712171856,117,"Adventure, Fantasy, Romance"
2014,Taken 3,6.2,5441,48000000,325800000,109,"Thriller, Action"
2022,Halloween Ends,6.2,1524,20000000,104400000,111,"Thriller, Horror"
2023,Wingwomen,6.2,281,0,0,114,"Action, Drama, Comedy"
2010,Loft,6.2,74,0,0,110,Thriller
2015,San Andreas,6.2,8148,110000000,473990832,114,"Thriller, Drama, Action"
2010,The Twilight Saga: Eclipse,6.2,8350,68000000,698491347,124,"Fantasy, Drama, Adventure, Romance"
2021,Brain Freeze,6.2,23,0,0,91,"Horror, Comedy"
2021,Soulmates,6.2,61,0,0,80,Comedy
2010,The Expendables,6.2,7364,80000000,274500000,103,"Adventure, Action, Thriller"
2013,The Hangover Part III,6.2,8224,103000000,362000072,100,Comedy
2023,The Naughty Nine,6.2,46,0,0,83,"Adventure, Crime, TV Movie, Comedy, Family"
2010,Percy Jackson & the Olympians: The Lightning Thief,6.2,7083,95000000,226497209,118,"Fantasy, Adventure, Family"
2023,The End of Sex,6.2,15,0,0,87,"Drama, Romance, Comedy"
2023,Candy Cane Lane,6.2,291,0,0,117,"Family, Fantasy, Comedy"
2023,Shrapnel,6.2,22,0,0,89,"Action, Drama, Thriller"
2023,The Best Man,6.2,95,0,0,93,"Thriller, Action"
2023,The Black Demon,6.2,563,0,0,101,"Thriller, Drama"
2023,JUNG_E,6.2,524,0,0,98,"Science Fiction, War"
2015,Krampus,6.2,2037,15000000,61800000,98,"Horror, Fantasy, Comedy"
2023,Confidential Informant,6.2,99,0,0,88,"Action, Thriller, Mystery"
2018,Pacific Rim: Uprising,6.1,4603,150000000,290061297,111,"Science Fiction, Adventure, Fantasy, Action"
2022,Morbius,6.1,3835,75000000,167500000,105,"Action, Science Fiction, Fantasy"
1999,Inferno,6.1,284,15000000,0,95,"Romance, Action, Drama"
2017,Geostorm,6.1,4514,120000000,221600160,109,"Thriller, Science Fiction, Action"
2019,Aquaman: Heroines of Atlantis,6.1,37,0,0,6,Documentary
2023,Pet Sematary: Bloodlines,6.1,249,0,0,87,Horror
2017,Transformers: The Last Knight,6.1,5822,217000000,605400000,154,"Action, Adventure, Science Fiction"
2023,The Boogeyman: The Origin of the Myth,6.1,44,0,0,0,"Adventure, Horror"
2023,A Royal Christmas on Ice,6.1,4,0,0,85,"Drama, Romance, TV Movie, Comedy"
2017,Baywatch,6.1,7637,69000000,177856751,116,"Comedy, Crime, Action"
2011,Cars 2,6.1,7257,200000000,559852396,106,"Family, Animation, Adventure, Comedy"
2022,The Silent Forest,6.1,17,0,0,95,"Thriller, Mystery, Crime"
2023,The Out-Laws,6.1,570,0,0,95,"Action, Comedy, Romance"
2023,Cocaine Bear,6.1,1676,32500000,87649532,96,"Thriller, Crime, Comedy"
2017,Justice League,6.1,12404,300000000,657926987,120,"Action, Adventure, Science Fiction"
2016,Ice Age: Collision Course,6.1,4244,105000000,408579038,95,"Comedy, Adventure, Family, Animation"
2023,65,6.1,1941,45000000,55000000,92,"Action, Science Fiction, Adventure"
2017,xXx: Return of Xander Cage,6.1,8599,85000000,346100000,107,"Adventure, Crime, Action"
2023,The Ritual Killer,6.1,216,7000000,0,92,"Drama, Action, Thriller, Mystery"
2022,Reign of Chaos,6.1,31,10000,100,77,"Fantasy, Action, Horror"
2023,The Exorcist: Believer,6.1,705,30000000,134800000,111,Horror
2013,Grown Ups 2,6.1,4013,80000000,247022278,101,Comedy
2017,Alien: Covenant,6.1,7978,97000000,240891763,122,"Horror, Science Fiction, Mystery"
2023,Bird Box Barcelona,6,557,19800000,0,124,"Horror, Thriller, Science Fiction"
2023,Immersion,6,5,0,0,109,"Science Fiction, Horror, Mystery"
2019,Dark Phoenix,6,6043,200000000,252442974,114,"Adventure, Fantasy, Science Fiction, Action"
2023,Ocho apellidos marroquís,6,8,0,0,97,Comedy
2023,Soccer Soul,6,4,0,0,96,Documentary
2023,Mr. Car and the Knights Templar,6,135,0,0,110,"Adventure, Family, Drama"
2020,Hyungsu: Forbidden Love,6,1,0,0,71,"Drama, Romance"
2009,The Twilight Saga: New Moon,6,8748,50000000,709827462,131,"Fantasy, Drama, Romance, Adventure"
2023,Til Death Do Us Part,6,50,0,0,109,"Horror, Action, Thriller"
2023,The Feast of Amrita,6,1,0,0,48,"Mystery, Horror, Animation, Fantasy"
2006,Aquaman,6,30,0,0,42,"Action, Adventure, TV Movie"
2022,The Soccer Football Movie,6,104,0,0,74,"Comedy, Family, Animation"
2018,The First Purge,6,3790,13000000,137056262,97,"Action, Thriller, Horror"
2023,NAGA,6,13,0,0,113,"Thriller, Comedy"
2023,Dark Harvest,6,146,0,0,96,"Horror, Thriller, Fantasy"
2021,Resident Evil: Welcome to Raccoon City,6,2239,25000000,41914915,107,"Horror, Science Fiction, Action"
2016,Mechanic: Resurrection,6,3142,40000000,125729635,98,"Action, Crime, Thriller"
2016,Jack Reacher: Never Go Back,6,4569,60000000,162100000,118,"Thriller, Action"
1983,The Key,6,362,0,0,110,"Romance, Drama"
2021,Ostap Bender. The Empire's Gold,6,34,0,0,87,"Comedy, Adventure, Action"
2016,Batman v Superman: Dawn of Justice,6,17281,250000000,873637528,152,"Adventure, Fantasy, Action"
2023,Boudica,6,95,0,0,101,"Action, War"
2023,It Lives Inside,5.9,110,0,4800000,99,"Mystery, Horror"
1994,Ri¢hie Ri¢h,5.9,2113,40000000,38087756,95,"Comedy, Family"
2014,Exodus: Gods and Kings,5.9,4303,140000000,268031828,150,"Action, Drama, Adventure"
2023,57 Seconds,5.9,241,0,0,99,"Action, Science Fiction, Thriller"
2023,There's Something Wrong with the Children,5.9,151,0,0,92,"Horror, Mystery, Thriller"
2020,Night on Earth: Shot in the Dark,5.9,12,0,0,59,Documentary
2023,Mother's Day,5.9,193,0,0,94,Thriller
2018,Robin Hood,5.9,2809,100000000,86493046,116,"Thriller, Action, Adventure"
2020,Crypto Legacy,5.9,4,0,0,71,"Thriller, Horror, Action"
2015,Fifty Shades of Grey,5.9,11235,40000000,571000000,125,"Drama, Thriller, Romance"
2018,The Nun,5.9,6315,22000000,366082797,96,"Horror, Thriller, Mystery"
2016,Suicide Squad,5.9,20314,175000000,746846894,123,"Fantasy, Action, Adventure"
2014,Teenage Mutant Ninja Turtles,5.9,6478,125000000,485000000,101,"Adventure, Action, Comedy, Science Fiction"
2021,Send It!,5.9,11,0,0,101,"Comedy, Action, Adventure"
2015,Terminator Genisys,5.9,7983,155000000,440603537,126,"Action, Thriller, Science Fiction, Adventure"
2014,Transformers: Age of Extinction,5.9,7704,210000000,1104100000,165,"Action, Adventure, Science Fiction"
2009,2012,5.8,11427,200000000,791217826,158,"Action, Science Fiction, Adventure"
2023,The Collective,5.8,64,0,0,86,"Thriller, Action"
2022,Deep Water,5.8,1160,4,0,116,"Mystery, Thriller, Drama"
2022,365 Days: This Day,5.8,1268,0,0,111,"Drama, Romance"
2023,Awareness,5.8,122,0,0,112,"Mystery, Thriller, Action, Science Fiction"
2023,Appendage,5.8,93,0,0,94,Horror
2023,A Really Haunted Loud House,5.8,16,0,0,72,"TV Movie, Comedy, Family"
2023,The Swan Princess: Far Longer Than Forever,5.8,6,0,0,81,"Animation, Family, Adventure"
2007,Alvin and the Chipmunks,5.8,4188,60000000,361366633,92,"Animation, Family, Fantasy, Comedy"
2014,Hercules,5.8,3870,100000000,244819862,99,"Adventure, Action"
2023,Silent Night,5.8,220,0,0,104,"Crime, Action"
2001,Scary Movie 2,5.8,4353,45000000,141200000,83,Comedy
2018,The Dark Kingdom,5.7,44,126580,0,85,"Adventure, Action, Science Fiction, Fantasy"
2022,One Week Friends,5.7,112,0,0,106,Drama
2022,Dead for a Dollar,5.7,177,0,81403,106,"Western, Action, Thriller"
2023,Killer Book Club,5.7,221,0,0,89,"Horror, Thriller"
2017,Shockwave: Countdown to Disaster,5.7,57,0,0,90,"Science Fiction, Adventure, Thriller, Action"
2022,Shark Bait,5.7,278,0,0,87,"Action, Adventure, Thriller, Horror"
2022,Galaxy Games,5.7,7,0,0,83,Fantasy
2023,Condor's Nest,5.7,15,0,0,103,"Action, War"
2023,Mob Land,5.7,48,0,0,111,"Thriller, Action, Crime"
2017,The Dark Tower,5.7,4737,60000000,113231078,95,"Science Fiction, Action, Fantasy"
1998,Godzilla,5.6,3613,130000000,379000000,138,"Action, Science Fiction, Thriller"
2023,Lord of Misrule,5.6,12,0,0,104,Horror
2017,El Camino Christmas,5.6,300,0,0,97,"Comedy, Crime, Drama"
2018,The Predator,5.6,4346,88000000,160542134,107,"Action, Science Fiction, Adventure"
1986,Exploits of a Young Don Juan,5.6,172,0,0,100,"Drama, Comedy"
2008,Babylon A.D.,5.6,1956,70000000,72109200,101,"Action, Science Fiction, Adventure, Thriller"
2009,Wrong Turn 3: Left for Dead,5.6,1062,3000000,0,91,"Thriller, Horror"
2023,Peter Pan & Wendy,5.6,581,0,0,106,"Family, Fantasy, Adventure, Action"
2023,Hell Camp: Teen Nightmare,5.6,8,0,0,90,Documentary
2022,Christmas Bloody Christmas,5.6,171,0,0,87,Horror
1979,Temptation of Angel,5.5,2,0,0,109,Drama
2014,The Scopia Effect,5.5,15,0,0,130,"Thriller, Horror, Science Fiction"
2013,Texas Chainsaw 3D,5.5,1568,10000000,47300000,92,"Thriller, Horror"
2006,American Pie Presents: The Naked Mile,5.5,1920,0,0,97,Comedy
2000,Cheeky,5.5,228,0,0,91,"Comedy, Drama, Romance"
2022,Jeepers Creepers: Reborn,5.5,908,5000000,6175213,88,"Mystery, Horror, Thriller"
2020,Street Savages,5.5,1,0,0,61,Action
2023,The Mount 2,5.5,16,0,0,81,Horror
1987,Love & Passion,5.5,40,0,0,98,Drama
1993,Emmanuelle 7,5.4,18,0,0,90,Drama
2010,Piranha 3D,5.4,2049,24000000,83188165,88,"Horror, Comedy"
2022,Wyrmwood: Apocalypse,5.4,87,0,0,88,"Horror, Action"
2023,Urkel Saves Santa: The Movie!,5.4,14,0,0,86,"Animation, Comedy, Family"
2023,The Conference,5.4,229,0,0,100,"Horror, Comedy, Thriller"
2022,Umma,5.4,252,0,2118582,83,"Mystery, Horror"
2021,Extraction Point,5.4,37,0,0,73,"Action, Science Fiction, Thriller"
2014,Sex Tape,5.4,3909,40000000,126069509,97,Comedy
2022,The Taming of the Shrewd,5.4,98,0,0,112,"Comedy, Romance"
2023,"Thank You, I'm Sorry",5.4,8,0,0,91,"Drama, Comedy"
2023,It's a Wonderful Knife,5.3,55,0,970781,87,"Horror, Comedy"
1997,Home Alone 3,5.3,2844,32000000,79082515,102,"Family, Comedy"
2023,The Tank,5.3,69,0,0,100,"Thriller, Horror"
2023,Fog City,5.3,3,0,0,97,"Horror, Thriller"
2023,Winnie the Pooh: Blood and Honey,5.3,1080,100000,5200000,84,"Horror, Thriller"
2023,Sentinelle,5.3,217,5000000,0,98,"Action, Comedy, Crime"
2023,Come Out Fighting,5.3,27,0,0,86,"Drama, Action, War"
2023,A Vampire in the Family,5.2,46,0,0,90,Comedy
2023,Adipurush,5.2,68,63000000,43000000,179,"Drama, Fantasy, Adventure, Action"
1986,Snake and Whip,5.2,5,0,0,70,"Drama, Thriller"
2023,A Creature Was Stirring,5.2,10,0,0,96,Horror
2004,Wild Things 2,5.1,173,2800000,0,95,"Crime, Drama, Mystery"
2021,The Serpent,5.1,23,0,0,90,Action
2023,War of the Worlds : The Attack,5.1,144,0,0,87,"Science Fiction, Thriller, Mystery"
2012,State of Emergency,5.1,65,1300000,0,90,"Science Fiction, Thriller"
2021,Doors,5.1,133,0,0,84,Science Fiction
2022,"2025: Blood, White & Blue",5,3,0,0,135,"Horror, Action, Comedy"
2023,The Boat,5,18,0,0,91,Thriller
2015,Superfast!,5,389,20000000,0,99,"Action, Comedy"
2024,Bitconned,5,5,0,0,95,"Documentary, Crime"
2023,Deep Fear,5,31,0,0,84,"Horror, Mystery, Thriller, Action"
2019,Taiki,5,1,0,0,85,TV Movie
2015,The Student,4.9,5,0,0,50,Drama
2023,Amigos,4.8,10,0,0,137,"Thriller, Action"
2023,The Rope Curse 3,4.8,9,0,0,109,Horror
2023,97 Minutes,4.8,59,7000000,0,93,"Thriller, Action, Drama"
2022,Student Body,4.7,24,0,0,88,"Thriller, Horror"
2020,Shark Season,4.6,39,0,0,87,"Thriller, Horror, Mystery, Action"
2023,Slotherhouse,4.5,44,0,0,93,"Horror, Thriller, Comedy"
1978,Women in Cellblock 9,4.5,26,0,0,75,"Horror, Action, Drama, Crime"
2022,Mega Lightning,4.5,16,0,0,90,"Science Fiction, Action, Horror"
2023,The Puppetman,4.5,4,0,1000000,0,Horror
2022,All Eyes Off Me,4.4,5,0,0,88,Drama
1971,Maid in Sweden,4.4,27,0,0,80,Drama
2023,Headspace,4.3,3,0,0,85,"Action, Adventure, Science Fiction, Animation"
2023,Escaping Paradise,4.3,4,0,0,91,"Action, Thriller"
2021,Agnes,4.2,35,0,0,93,"Horror, Drama"
1988,Emmanuelle 6,4.2,22,0,0,80,"Romance, Drama"
2023,Notre tout petit petit mariage,4.2,56,7644000,0,82,Comedy
2021,Crabs!,4.1,23,0,0,80,"Horror, Comedy"
2024,Arthur's Whisky,4,2,0,0,91,"Fantasy, Comedy"
2019,Revenge Porn: PAIN OF LOVE,4,1,0,0,70,"Drama, Romance"
2024,Night Swim,4,2,0,0,98,"Thriller, Horror"
2021,The Immortal Wars: Rebirth,3.5,2,0,0,84,Science Fiction
2018,Aragne: Sign of Vermillion,3,4,0,0,75,"Mystery, Fantasy, Horror, Animation"
2023,Dad or Mom,2.8,2,0,0,92,Comedy
2020,Agent Jade Black,2,4,0,0,101,Action
2024,Kung Fu Panda 4,0,0,0,0,0,"Family, Animation, Comedy, Adventure, Action"
2024,Rebel Moon - Part Two: The Scargiver,0,0,83000000,0,0,"Action, Science Fiction, Drama"
2024,Argylle,0,0,0,0,135,"Action, Crime, Comedy"
2022,Mantra,0,0,0,0,103,"Thriller, Horror"
2023,Kaina of the Great Snow Sea: Star Sage,0,0,0,0,100,"Fantasy, Animation"
2024,Furiosa: A Mad Max Saga,0,0,150000000,0,0,"Action, Science Fiction, Thriller"
2024,Inside Out 2,0,0,0,0,0,"Drama, Animation, Comedy, Family"
#VALUE!,Your Fault,0,0,0,0,0,"Romance, Drama"
2024,The Bremen Town Musicians,0,0,0,0,0,"Family, Adventure"
2024,Sonic the Hedgehog 3,0,0,0,0,0,"Science Fiction, Comedy, Family, Action"
2024,Mean Girls,0,0,0,0,113,Comedy
2024,Dune: Part Two,0,0,0,0,166,"Science Fiction, Adventure, Drama"
2024,Godzilla x Kong: The New Empire,0,0,0,0,0,"Action, Science Fiction, Adventure"
2023,Jashin-chan Dropkick [Seikimatsu-hen],0,0,0,0,60,"Animation, Action, Comedy, Adventure"
2024,Deadpool 3,0,0,0,0,0,"Adventure, Comedy, Action"
2023,Hibang,0,0,0,0,109,"Romance, Thriller"
2024,The Garfield Movie,0,0,0,0,0,"Animation, Comedy, Family"
2024,Kingdom of the Planet of the Apes,0,0,0,0,0,"Science Fiction, Action"
2024,The Beekeeper,0,0,0,0,105,"Action, Thriller"